BOSS活跃,职位,薪资范围,最低薪资,最高薪资,工作年限要求,过滤原因,招聘链接,学历要求,工作地点,公司名称,公司规模,公司行业,福利,职位要求技能,职位描述,id,created_at
刚刚活跃,小程序后端开发工程师,10-12K,10000,12000,1-3年,薪资过高,https://www.zhipin.com/job_detail/860cd177fd62be5603x43tW4EFtS.html,大专,宜昌,湖北福淳科技有限公司,0-20人,批发/零售,福利信息未提供,"Java, 不接受居家办公, MySQL, Oracle","1、熟练使用java开发语言，有5年以上java后端开发经验
2、熟练掌握html,css,js语言，vue、react等前端框架
3、熟悉掌握数据库技术（如MySQL，Oracle）
4、熟练使用开发工具（如Eclipse），熟悉版本控制工具，具备良好的代码管理习惯，了解Linux系统，能够进行基本的服务器操作和部署
5、有电商应用后台开发项目经验优先考虑",1,2025-10-09 09:06:52
4月内活跃,JAVA后端开发工程师,8-13K,8000,13000,1-3年,BOSS活跃,https://www.zhipin.com/job_detail/a5d8e0be463ad5371Hd92t-0E1NT.html,大专,宜昌,宜昌仓一,20-99人,计算机服务,福利信息未提供,"Java, SpringCloud, MySQL, SQL Server, Oracle","1.计算机相关专业，本科及以上学历。
2.具备2年以上Java项目开发测试经验，精通Java编程语言，熟悉JSP、Servlet、JDBC、JavaScript的开发者优先；
2.熟悉标准SQL语言，并熟悉使用关系型数据库（Oracle、MySql、SqlServer等）；
3.熟悉SpringBoot等JAVA开发框架；熟悉SpringCloud，对SOA模式有理解；
4.对Linux下的开发环境有一定的开发经验；
5.对kafka、redis、ElasticSearch等中间件框架有一定掌握和应用；
6.熟悉TCP/IP基本原理，熟悉Http协议；具有设计和开发对外API接口经验和能力；
7.具有良好规范的文档和编程习惯，逻辑清晰，有较强的解决问题的能力。",2,2025-10-09 09:06:53
半年前活跃,Java后端,5-8K,5000,8000,1-3年,BOSS活跃,https://www.zhipin.com/job_detail/dc9de889e638935c3nR-3tu0EFY~.html,学历不限,宜昌,吉分豆豆,0-20人,计算机软件,福利信息未提供,"Java, SQL, Python","1、负责客户端APP产品中服务器后端的工程设计，架构设计以及开发工作；
2、会主流后端语言编程经验：Java
3、精通主流Web应用开发框架(Spring，Play!，Express，Django，等等);熟悉SOA和Web Services(REST，SOAP)系统框架;熟悉主流应用服务器(Tomcat，JBoss，Apache，Nginx，等)
4、精通数据库设计和性能优化;熟悉主流RDBMS和NoSQL数据库(MySQL，MongoDB，Memcached，Redis等)，以及数据库编程(SQL， JDBC， iBatis，OpenJPA， 等)
5、根据项目任务计划按时完成软件编码和单元测试工作；
6、按照开发流程编写相应模块的设计文档；
7、与产品经理、测试工程师、其他团队沟通合作，保证产品研发工作的质量和进度；
8、协调或指导团队里其它开发人员的工作。",3,2025-10-09 09:06:54
今日活跃,Al+数宇物流 时间自由（小白日入500+）,10-15K,10000,15000,经验不限,包含其他关键词,https://www.zhipin.com/job_detail/1cc400e6213aace303x629m6EFZX.html,学历不限,宜昌,郑州管团网络科技,20-99人,互联网,福利信息未提供,"客户/渠道开发及运营, 企业, 销售经验, 品牌招商, 企业服务, 个人, 团队建设及管理能力, 较少出差和外勤","2025年最新模式，找创业合伙人联合创始人，
1自营项目实操了年多，公司300多平，50人＋团
队，项目稳定成熟，新人兜底月2-3万＋，数据可查
可以无限放大带团队做，居家可当副业，操作简单
寻志同道合的有志人士共同发展，公司可以手把手指
导山
2吃苦耐劳，创业加班是常态，没有付出哪来的回报。
3.有激情、耐心和创新思维。
任职要求：
1对创业有浓厚的兴趣，具备强烈的事业心和责任感。
2能够独立负责项目的后端开发和运营。
了：有良好的团队合作精神和沟通能力，能够在快节奏环境中保持积极态度。
4.貝备吃苦耐劳的精神",4,2025-10-09 09:06:56
今日活跃,云物流调度合伙人,10-15K,10000,15000,经验不限,薪资过高,https://www.zhipin.com/job_detail/4cf93cacb0cb476603x72tm5EFJY.html,学历不限,宜昌,郑州邱满信息技术,20-99人,互联网,福利信息未提供,"客户/渠道开发及运营, 企业, 销售经验, 品牌招商, 企业服务, 个人, 团队建设及管理能力","2025年最新模式，找创业合伙人联合创始人，
内容：
1.自营项目实操3年多，公司300多平，50人+团队，项目稳定成熟，新人兜底月2-3万+，数据可查可以无限放大带团队做，居家可当副业，操作简单,寻志同道合的有志人士共同发展，公司可以手把手指导!!!!
2.吃苦耐劳，创业加班是常态，没有付出哪来的回
报。
3.有激情、耐心和创新思维。

任职要求:
1.对创业有浓厚的兴趣，具备强烈的事业心和责任感。
2.能够独立负责项目的后端开发和运营。
3.有良好的团队合作精神和沟通能力，能够在快节奏环境中保持积极态度。
4.具备吃苦耐劳的精神",5,2025-10-09 09:06:57
3日内活跃,高级城市经理,10-15K,10000,15000,经验不限,薪资过高,https://www.zhipin.com/job_detail/1342bfc6e96715cb03V93t6-EVdT.html,学历不限,宜昌,宜昌龙猫科技咨询,0-20人,咨询,福利信息未提供,职位要求技能未提供,"业务范围
为后端法律、法务部门宣传业务，接各类纠纷案件，当下普通人寻求法律援助渠道难，费用高，各类纠纷不了了之无法处理，我们公司专业解决大众常见问题，其中一项主营业务是帮助百姓解决经济压力，商谈制定新的还款方案，拉长时间，降低压力，回归正常生活，以及其他各类经济问题，钱花了事没办成的纠纷问题，各类法律咨询，案件指导
要求
年龄：30-45，男女不限
经验不限，有培训帮带，有销售经验创业经验的上手更快，收入多元化
与其选择迷茫虚度光阴，不如给自己一个机会了解新兴行业
欢迎各界销售精英，传统老板跨界了解",6,2025-10-09 09:06:58
2周内活跃,其他后端开发,4-7K,4000,7000,1年以内,BOSS活跃,https://www.zhipin.com/job_detail/4847c1afe322471e03Jz392-GFJU.html,高中,宜昌,宜昌市意谷网络,0-20人,社交网络与媒体,福利信息未提供,"后端开发经验, 中午上班, 00后氛围好, 计算机相关专业, 前端开发经验","岗位职责：
1. 负责游戏后端开发，包括但不限于游戏服务器设计、开发与维护；
2. 参与游戏世界观、剧情设计，协助游戏设计师完成游戏规则、系统功能的设计；
3. 负责游戏数据的存储、处理和优化，保证游戏性能；
4. 与游戏前端开发团队紧密合作，确保游戏的流畅运行；
5. 解决游戏开发过程中的技术难题，提升游戏质量和玩家体验。

任职要求：
1. 对游戏开发有浓厚兴趣，有良好的团队合作精神；
2. 具备良好的逻辑思维能力和技术研究能力；
3. 熟悉游戏开发流程和工具，有相关开发经验者优先；
4. 良好的沟通能力和问题解决能力，能够承受工作压力；
5. 对新技术有持续学习的意愿和能力。",7,2025-10-09 09:07:00
3日内活跃,软件测试工程师,6-8K,6000,8000,1-3年,包含其他关键词,https://www.zhipin.com/job_detail/db1484fd06afa5a103d-2t61GVRW.html,本科,宜昌,开放传神,20-99人,互联网,福利信息未提供,"Jenkins, Java, 测试工作经验, 自动化测试, 性能测试, 功能测试, Pytest, Selenium, 计算机相关专业, Postman, Jira, Python","岗位职责
功能测试：

负责公司软件产品（OpenCSG传神社区、CSGHub软件等）的功能测试，包括需求分析、测试用例设计、缺陷跟踪与验证，确保系统功能的稳定性和准确性。
验证核心业务流程及模块的兼容性、用户交互体验优化。

自动化测试：
搭建和维护自动化测试框架，覆盖接口、UI及后端服务的自动化测试脚本开发与执行。
提升测试效率，推动持续集成/持续交付（CI/CD）流程落地。

性能与安全测试：
设计并执行性能测试方案，评估系统在高并发、大数据量等场景下的稳定性。
识别安全漏洞，配合开发团队完成修复与回归验证。

跨团队协作：
协同开发、产品团队推动问题闭环，参与需求评审并提出可测试性建议。

任职要求
基础能力：
计算机相关专业本科及以上学历，2年以上软件测试经验。
熟悉主流测试工具（如Jira、Postman、Selenium）及自动化框架（如Pytest/Jenkins）。

技术专长：
掌握至少一种编程语言（如Python/Java），熟悉数据库操作（MySQL/Oracle）。
了解云原生技术（Docker/Kubernetes）及CI/CD流程者优先。

软性要求：
逻辑清晰，具备较强的问题分析与解决能力。
良好的沟通能力与团队协作精神。

加分项
有互联网、AI、云计算或大数据等领域软件测试经验者优先。
熟悉性能测试工具（如JMeter/LoadRunner）或安全测试工具（如BurpSuite）。
了解AI/云平台/大数据相关系统的测试方法。",8,2025-10-09 09:07:02
本月活跃,高级后端工程师,5-10K,5000,10000,1-3年,BOSS活跃,https://www.zhipin.com/job_detail/8fc90166b432fe631Xx-3du1ElNW.html,本科,宜昌,小悦科技,0-20人,互联网,福利信息未提供,SpringCloud,"工作职责 ：
1、参与项目系统的需求分析和设计，完成相关需求代码开发、调试，自测工作；
 2、进行软件详细设计和编码实现，确保安全、质量和性能； 
3、维护和升级现有软件产品，快速定位并修复现有软件缺陷；
 4、配合项目需求完成相关任务目标。
任职要求: 
1、本科及以上学历，计算机相关专业；3-5年的java软件开发经验；
 2、精通java语言，熟悉多线程，缓存，并发等技术方案，能独立完成单独需求的详细的设计和开发；
 3、熟悉SpringCloud，mybatis，Dubbo，redis，zk等开源框架；熟悉关系型数据库(mysql/oracle/postgresql/tidb)使用、设计； 
4、良好的编程习惯，思路清晰，责任心强，积极主动，对技术要有激情，学习能力强，良好的沟通表达能力和团队协作能力； 
5、熟悉微信、企业微信、钉钉等接入； 
6、有SAAS软件开发经验优先；",9,2025-10-09 09:07:05
2周内活跃,软件开发+双休,7-11K,7000,11000,1-3年,BOSS活跃,https://www.zhipin.com/job_detail/6ac22ceb3238670e03N93di5ElJZ.html,本科,宜昌,普拓管理咨询,20-99人,其他生活服务,福利信息未提供,"Java, 不接受居家办公, MySQL, Spring","岗位职责：
1. 当好系统的“保健医生”，日常维护、快速排障，保障稳定。
2. 成为产品的“实现者”，把新想法、新功能变成一行行酷代码。
3. 做团队的“优化大师”，给数据库、接口、页面做提速SPA。

任职要求：
1. 有2年+ 后端开发经验，熟悉Java/Spring Boot或Python/Django等技术栈。
2. 熟练操作MySQL，能写好SQL也会调优。
3. 会前端基础更佳，至少能看懂JS和HTML。
4. 最重要的：态度积极、能承受工作压力。
岗位福利，薪资可面谈、双休法休，福利待遇好",10,2025-10-09 09:07:06
刚刚活跃,后端开发工程师（Python 数据分析方向,20-21K,20000,21000,1-3年,薪资过高,https://www.zhipin.com/job_detail/6cbcb7ed38c1df7903x709y9GFpQ.html,本科,宜昌,江苏瀚舟绿能数字科技,500-999人,互联网,福利信息未提供,"Django, MySQL, 架构设计经验, Python",岗位职责：开发工业数据分析平台后端服务；构建 RESTful API；实现任务调度与异步处理；编写接口文档与单元测试。任职要求：本科及以上学历，计算机、软件工程等专业；精通 Python，熟悉 FastAPI/Flask/SQLAlchemy；有工业数据分析经验优先；英文可读写。,11,2025-10-09 09:07:08
半年前活跃,后端开发,5-10K,5000,10000,1-3年,BOSS活跃,https://www.zhipin.com/job_detail/849317f8d2645f051XF93t67EFRS.html,本科,宜昌,宜昌恒硕科技有限公司,0-20人,计算机软件,福利信息未提供,"Java开发经验, Java, 后端工程师, Spring, 计算机/软件工程相关经验","岗位职责：
1、完成软件系统代码的实现，编写代码注释和开发文档；
2、辅助进行系统的功能定义,程序设计；
3、根据设计文档或需求说明完成代码编写，调试，测试和维护；
4、分析并解决软件开发过程中的问题；
5、协助测试工程师制定测试计划，定位发现的问题；
6、配合项目经理完成相关任务目标。
任职资格：
1、计算机或相关专业本科学历以上；
2、2年以上软件开发经验；
3、熟悉面向对象思想，精通编程，调试和相关技术；
4、熟悉应用服务器的安装、调试、配置及使用；
5、具备需求分析和系统设计能力，、以及较强的逻辑分析和独立解决问题能力；
6、能熟练阅读中文、英文技术文档；富有团队精神,责任感和沟通能力。
工作时间：",12,2025-10-09 09:07:11
半年前活跃,电商带货主播,6-11K,6000,11000,经验不限,BOSS活跃,https://www.zhipin.com/job_detail/6a6aa0beb35855b01HB40t-9EFBT.html,学历不限,宜昌,枝江市博尼医疗器...,0-20人,日化,福利信息未提供,"生活家居, 抖音, 快手, 拼多多, 淘宝, 天猫, 五险一金, 普通话流利","岗位职责:直播产品（家居用品、日用品）介绍，直播间与客户沟通互动，促进产品成交。与后端客服工作人员沟通对接。

任职要求:熟记直播台词，理解产品参数，具有亲和力和客户沟通技巧，不怯场。年龄40岁以下

工作时间:不限，视情况而定",13,2025-10-09 09:07:12
,教务班主任老师,6-11K,6000,11000,经验不限,包含其他关键词,https://www.zhipin.com/job_detail/1165176cfa6bbd201HN43NS0FVNZ.html,大专,宜昌,远哲升学,20-99人,学校/学历教育,福利信息未提供,"大型教育机构经验, 中学生, 教育工作经验, 培训机构, 线下教育, 排课系统经验","工作内容：
1、完成对应业务板块学生监管及家长服务工作；
2、有效完成后端续费及转介绍工作；
3、通过电话和微信完成与客户的沟通、咨询工作；

岗位要求：
1、******，亲和力强，有较强的责任心和耐心；
2、热爱教育行业，有教培工作经验优先；
3、熟悉初中、高中各阶段升学政策及学科知识；
4、具有良好的表达能力，抗压能力；


岗位福利：
1、底薪4500，综合薪资6000-11000元/月；
2、生日福利、节假日福利；
2、定期团建、下午茶；",14,2025-10-09 09:07:14
3月内活跃,后端开发工程师,4-5K,4000,5000,1-3年,BOSS活跃,https://www.zhipin.com/job_detail/b930edbe29e3dfcd03V40tu-F1VU.html,大专,宜昌,湖北省七巧连云数...,20-99人,智能硬件,福利信息未提供,"Java, 不接受居家办公, SpringCloud, Python","一、基础要求  
1、学历：计算机相关专业，大专及以上学历。  
2、工作经验：至少2年后端开发经验，优秀应届生可考虑。  
二、技术要求：  
1、熟悉至少一种后端开发语言（如 Node.js、Java、Python）。  
2、熟悉 Web 开发框架（如 Express、Spring）。  
3、熟悉 MySQL，能够进行简单的数据库操作和优化。  
4、熟悉 RESTful API 设计，能够开发简单的接口。  
5、熟悉 Git，能够进行基本的版本控制。  
6、有较好的问题解决能力，能够快速学习新技术。 
三、岗位职责  
1、负责后端模块的开发与维护，确保系统稳定运行。  
2、设计和优化 API，支持前端和客户端需求。  
3、进行基本的数据库设计和查询优化。  
4、与前端开发协作，进行数据交互和接口联调。  
5、进行代码优化，提升系统性能和可维护性。  
6、跟进后端技术发展，提升个人技术能力。",15,2025-10-09 09:07:15
半年前活跃,高薪招聘PHP程序员,5-10K,5000,10000,1-3年,BOSS活跃,https://www.zhipin.com/job_detail/a3c0f8cc54b9108333F80ti1E1E~.html,大专,宜昌,养颜堂生,0-20人,进出口贸易,福利信息未提供,"架构师, 软件工程师, ThinkPHP, php, MySQL","工作内容：
此岗位长期工作地点为湖北宜昌，若不能接受请谨慎投递
1、负责内部系统后端架构设计及开发工作
2、负责后台及数据统计分析平台的开发和维护
3、负责相关项目的进度控制、规划工作
4、负责各种软硬件接口的对接以及指导工作
5、负责各种项目文档的编写工作
6、2年以上php开发经验

工资待遇：
 5000-14000    年底双薪 交通补助 饭补 五险一金 薪资无上限
招聘要求：
PHP，Linux，后端开发，Laravel，Yii，SQL
1、二年以上的PHP开发经验，有全栈经验优先；
2、有大型商城网站开发经验，做过直播优先；
3、精通ThinkPHP框架，熟悉 laravel框架优先；
4、精通 MySQL数据库，熟悉各种SQL语句操作；
5、有前端经验优先；
6、会配置服务器优先；
7、高效完成公司交接的任务，良好的编码习惯，逻辑思路清晰，较好的理解能力和沟通能力，工作积极主动，具备较强的责任感，热爱开发事业；
8、对网站系统架构的部署、搭建、优化、排错等方面有丰富经验，对高负载、大访问量情况下的系统架构有经验者优先。
9、全日制大专以上学历，计算机，软件技术相关专业优先",16,2025-10-09 09:07:25
半年前活跃,PHP后端开发工程师,8-12K,8000,12000,1-3年,BOSS活跃,https://www.zhipin.com/job_detail/4da161acf383faac1Xd60964EVRW.html,本科,宜昌,湖北泰拉琴声科技,0-20人,计算机软件,福利信息未提供,"Python, Java, HTML, CSS, 软件工程师, 高级软件工程师, 中级软件工程师","岗位描述：
1、依据业务需求，进行信息系统的后台服务开发及维护；
2、对具体的产品进行性能优化；
3、针对高并发的业务需求，分析系统瓶颈，解决各种疑难杂症，充分考虑安全性、性能方面的风险，
4、业务组件和框架的设计与开发；
岗位要求：
1、熟悉Web服务开发，熟悉Python程序语言以及fask、django等框架，且有实际项目开发经验者优先；
2、熟悉MySQL、SQL Server等关系型数据库和Redis等
NOSQL数据库；
3、熟悉Linux、Nginx、Docker/Podman等优先；
4、能承受工作压力，富有良好的团队精神和积极的进取心，正确的价值观；，
5、较强的自我管理能力，工作作风严谨，较强的学习能力，沟通能力，组织协调能力，个性开朗乐观,具有产品思维独立思考，善于站在用户角度，文档能力强。",17,2025-10-09 09:08:10
半年前活跃,当阳品研服饰招聘理货员,3-5K,3000,5000,经验不限,BOSS活跃,https://www.zhipin.com/job_detail/27ad7a5a85d350b91HFz3Nu-FltS.html,学历不限,宜昌,当阳品研服饰,100-499人,服装/纺织,福利信息未提供,"接受无理货/陈列经验, 长白班, 轻小商品, 包吃住, 无需在冷库工作, 非24小时倒班制, 无需晚班/夜班, 无需接待客户, 无需24小时倒班, 无销售性质","我们公司是服装电商公司，模式为前店后厂
前端30多家抖音网店直播带货和120多家京东店、淘宝店、拼多多店、天猫店在线售卖服装产品，后端服装车间根据直播和网络订单制作衣服，把服装订单打包发货。接受暑假工，接受实习生，可以开具实习证明，接受长期兼职，接受短期兼职
岗位内容：
把衣服叠好，并打包装袋！挂牌岗位是给衣服挂上新的吊牌
暑假工的上班时间：
上午8点30-12点，12点-13点午休，下午13点-18点
实习生和暑假工的薪资待遇为：3000-3500元/月，月休4-6天！
提供免费的中餐，免费的晚餐，免费的住宿
长白班，免费住宿，免费工作餐，没有夜班
公司福利：
1、每月15号发工资，不拖欠！
2、带薪假期（婚嫁、陪产假、病假、丧假、年假、法定节假日）；
3、多元化团建活动（专项团建资金、部门团建、公司团建）；
4、传统节日礼品员工生日会+生日礼物；
5、加班餐包补给；
6、司龄工资；
7、带薪年假
在这里你不仅可以获得一份具有竞争力的薪酬工资，更能享受完善的职业发展路径和广阔的职业晋升空间、在这里你将获得分丰富的培训资源和学习机会、在这里你能找到属于自己的舞台！加入我们，让我们一起携手共进，实现职业梦想！
【公司简述】我司是一家武汉排前三的以原材料供应、产品研发、生产制造、摄影设计、运营销售、仓储发货、物流配送于一体的服饰孵化产业链电商公司，13年+发展，在职人数1300+，年销售15亿+，总部联发科武汉研发中心三楼（近金融港北地铁），并在宜昌当阳、荆门、葛店等地区设立多个仓储中心。主营业务：男、女、童服饰。主要业务平台：天猫、京东、拼多多、唯品、得物、小红书、抖音、快手、跨境等，入职缴六险一金，欢迎投递简历，有意向可详聊哦~

原标题：《服装打包挂吊牌包吃住白班可实习可暑假》",18,2025-10-09 09:08:11
2周内活跃,运维开发工程师,7-10K,7000,10000,1-3年,包含其他关键词,https://www.zhipin.com/job_detail/d7f6441d0ff4bef403Jz29y1FlNZ.html,本科,宜昌,湖北汉融信息,20-99人,计算机软件,福利信息未提供,"Java, 大数据经验, MySQL","岗位职责
1、负责Java平台核心模块的软件开发和功能改进，保障模块的稳定性与高效性。
2、深度参与软件项目的设计环节，提供技术方案建议，主导所负责模块的开发与实施工作。
3、针对现有软件的性能瓶颈、架构缺陷进行优化升级，提升系统整体运行效率。
4、编写详细的技术设计文档、接口文档及开发手册，为团队成员提供清晰的技术支持与指导。
5、参与代码审查工作，协助团队规范代码编写标准，提升团队整体代码质量。
任职要求
1、具备扎实的Java编程技能和深厚的理论知
识，深入理解面向对象编程思想，熟练运用至少3种设计模式解决实际开发问题。
2、精通Spring、 Spring Boot. Spring Cloud等主流框架的原理与应用，能独立搭建中小型项目架构。
3、熟练掌握MySQL等关系型数据库的高级特
性，如索引优化、事务隔离级别设置等，具备数据库性能调优实战经验；熟悉Redis缓存技术、消息队列(如 RabbitMQ、 Kafka）的使用。
4、掌握 Linux操作系统常用命令，能独立完成项目在Linux 环境下的部署、日志分析与问题排查；熟练使用 Docker进行项目容器化部署与管理。
5、掌握前端 Vue3框架核心特性，能独立开发前端页面并与后端进行高效数据交互，实现前后端无缝衔接。
6、能够独立解决软件开发过程中的复杂技术问题，对常见的系统异常、性能问题有清晰的排查思路和解决方法。
7、具有2-3年. Java开发经验，参与过至少2个完整的中小型项目开发流程，有独立负责模块设计与开发的经历。
8、有良好的团队合作精神和高效的沟通能力，能清晰表达技术观点，积极配合产品、测试等跨团队成员推进项目进展。
9、对新技术有持续学习的意愿和较强的学习能力，能快速掌握并应用新框架、新工具到实际项目中。
10、具备良好的文档撰写能力，能产出规范、易懂的技术文档，助力团队知识沉淀与传承。",19,2025-10-09 09:08:13
本月活跃,信用卡贷款类逾期协商（居家兼职）,10-15K,10000,15000,经验不限,BOSS活跃,https://www.zhipin.com/job_detail/586e20133b859af803F53dm6EldQ.html,学历不限,宜昌,四川钦扬无忧法律服务,1000-9999人,法律,福利信息未提供,银行/互联网金融,"首先介绍一下关于公司自媒体运营推广的主体业务是债务优化项目

债务优化是一项针对近8亿负债人、3亿还款困难者进行服务，是疫情后需求急剧攀升的新兴行业，万亿级的蓝海市场，不是催收，不办信用卡，不是贷款，不做电销，覆盖全国业务，收入相当可观，现寻找优秀合伙人。
我们的优势:
1.设备简单，一只手机或者电脑即可办公。
2.时间灵活，可远程，可居家，充分尊重个人作息。
3.无成本创业，无需前期资金投入，你出人，我们负责后端。
4.高额分润:直客高额分成，发展团队高额管道佣金。(收入非常可观)
5.熟悉知乎、抖音、贴吧、快手、小红书，今日头条等至少一个平台，了解平台规则和玩法，自带账号者优先。

你可以是
斜杠青年:不满足于舒适圈，想做一份高收入不影响主业的副业。
有志创业者:无论曾经是否成功，这次请把握机遇。宝妈/主妇:在照顾家庭之余拥有一份收入不错的事业。
负债者:优先帮您处理债务，摆脱压力，上岸的同时找到新出路。",20,2025-10-09 09:08:14
刚刚活跃,品创服饰招聘理货员,3-4K,3000,4000,经验不限,薪资过低,https://www.zhipin.com/job_detail/5c3e2c03d04f77341HF-2t24EFRW.html,学历不限,宜昌,品创服饰,500-999人,服装/纺织,福利信息未提供,"接受无理货/陈列经验, 轻小商品, 暑假工, 无需在冷库工作, 非24小时倒班制, 无需晚班/夜班, 无需接待客户, 无需24小时倒班, 实习生, 无销售性质","我们公司是服装电商公司，模式为前店后厂
前端30多家抖音网店直播带货和120多家京东店、淘宝店、拼多多店、天猫店在线售卖服装产品，后端服装车间根据直播和网络订单制作衣服，把服装订单打包发货。接受暑假工，接受实习生，可以开具实习证明，接受长期兼职，接受短期兼职
岗位内容：把衣服叠好，并打包装袋！挂牌岗位是给衣服挂上新的吊牌
实习生，暑假工的上班时间：
上午8点30-12点，12点-13点为午休吃饭时间，下午13点-18点
实习生和暑假工的薪资待遇为：3000-3500元/月，月休4-6天
提供免费的中餐，免费的晚餐，免费的住宿（住宿环境非常好，可以加微信查看真实的住宿环境！住宿环境非常好堪比酒店，微信可看宿舍图！）
水费免费，电费室友平摊(电费是家庭民用电标准，非常便宜)
长白班，免费住宿，免费工作餐，没有夜班
以上都是人事部的真实描述，厂区直招，我们不是中介！
没有任何面试收费情况，面试上班前被收费均为骗子，不要相信中介！相信人事部直招！不要被中介的高薪骗走了

原标题：《服装打包挂吊牌包吃住白班可实习可暑假》",21,2025-10-09 09:08:15
2周内活跃,正规企业/截流（线上可在家）,6-8K,6000,8000,经验不限,BOSS活跃,https://www.zhipin.com/job_detail/5b53b441ce3d55c603J82dq0ElVY.html,学历不限,宜昌,湖北炬量信息科技,20-99人,广告/公关/会展,福利信息未提供,职位要求技能未提供,"工作内容：
1、通过小红书（为主）、抖音、快手、视频号等平台，做产品推荐，发布文章，进行引流或截流。
2、没有年龄要求，发文简单，用AI生成后稍加修改即可
3、无需到公司，时间灵活自由，手机账号自备
4、欢迎居家带娃、自由工作者、待业等咨询。不收取任何费用
5、有经验者日薪高的500+，有意向详谈

主要是在互联网平台，线上对产品有意向的客户进行交流获客，将客户引入后端顾问咨询即可。
正规合法经营企业，高利润的刚需+风口赛道+高效的流量打法+强大的后端+有结果的团队",22,2025-10-09 09:08:16
半年前活跃,PHP开发工程师,4-6K,4000,6000,1-3年,BOSS活跃,https://www.zhipin.com/job_detail/6793946ba9d69d6b0nZ_0ty5GVo~.html,本科,宜昌,世阳商务,20-99人,电子商务,福利信息未提供,"后端开发, PHP","负责公司后端开发任务
负责小程序开发，配合前端开发工程师",23,2025-10-09 09:08:18
2周内活跃,python开发工程师,7-10K,7000,10000,1-3年,BOSS活跃,https://www.zhipin.com/job_detail/9df83ebd2aa294f503x60927EVRY.html,学历不限,宜昌,柏溢文化,0-20人,互联网,福利信息未提供,"Nginx, 爬虫经验, 微服务经验, MySQL, 其他, Python","Python开发工程师
招聘职位：Python开发工程师
工作地点
：湖北宜昌
工作类型：全职
薪资待遇：面议
岗位职责：
1. 负责公司内部或客户项目中后端系统的开发与维护，主要基于 Django 框架；
2. 熟练使用 uiautomator2 等自动化工具开发 Android 自动化测试或控制脚本；
3. 编写高质量、结构清晰、可维护的 Python 代码；
4. 能够与其他团队成员紧密合作包括：前端开发、测试及产品经理协作，推动功能落
地；
5. 支持已有 Python 脚本的优化、重构、打包和自动化部署。
任职要求：
1. 熟练掌握 Python 编程语言，具有扎实的编程基础；
2. 至少 1 年以上 Django/Flask等web框架的实际开发经验，能独立编写 RESTful
API；
3. 熟悉 uiautomator2 自动化工具，能够编写 Android 自动化测试或操作脚本；
4.
了
解 Android 应用结构和控件层级，有基本的手机调试经验（如 adb 命令） ；
5. 有良好的编码规范、文档编写能力和团队协作精神；
6. 熟悉Linux系统的操作，熟悉Bash等的基本使用语法;
7. 有责任心，学习能力强，能够独立推进任务；
8. 熟练使用ChatGPT、Claude、Grok、DeepSeek、Qwen等人工智能工具；
9. 能够积极配合领导安排
及主动沟
通和具备吃苦耐劳品质者优先录用;
加分项：
Python开发工程师 1
有 Android 自动化测试或控制平台项目经验；
熟悉 Android Framework 或具备一定的逆向基础；
熟悉TK业务和运营流程者优先。
有前后端开发经验，能快速理解产品需求。",24,2025-10-09 09:08:19
半年前活跃,软件开发工程师,6-8K,6000,8000,1年以内,BOSS活跃,https://www.zhipin.com/job_detail/57fd5e330e2cf7b81H140t6_EFNX.html,大专,宜昌,优数慧科,0-20人,计算机软件,福利信息未提供,"Java, Nginx, Docker, SpringCloud, MySQL, Redis, Spring, Python","岗位职责： 
1、负责软件系统需求分析； 
2、负责软件系统的设计和开发工作； 
3、负责解决系统运行中的故障和性能问题；
4、深度参与前后端稳定性提升及性能优化等项目；
5、赋能初中级开发伙伴，提升团队整体技术能力。
岗位要求： 
1、精通前端技术（包括HTML/CSS/JavaScript等）和后端开发技术（JAVA、JEE、PHP等）； 
2、熟悉Spring、SpringMVC、Struts、MyBatis、Hibernate等JEE常用框架及springcloud、dubbo分布式框架； 
3、熟悉HTML、JS、Jquery、react、vue等前端框架； 
4、熟练掌握Oralce、Mysql数据库的开发和使用； 
5、具备跨终端（Mobile+PC）的前端开发能力；
6、加分项：具备客户端能力或者Native&Web技术融合经验； 复杂企业后台应用开发经验；数据可视化产品设计开发经验；大规模/高负载场景下NodeJS应用开发、运维经验；良好的算法背景，对机器学习有研究和项目实施经验；有独立的开源项目或者参与知名开源项目经验；团队管理能力。",25,2025-10-09 09:08:20
今日活跃,前端设计开发,5-10K,5000,10000,1-3年,包含其他关键词,https://www.zhipin.com/job_detail/68172b0b70d6857d03J-2tS_EVRW.html,大专,宜昌,云启互联技术中心,20-99人,计算机软件,福利信息未提供,"不接受居家办公, Vue, React, 计算机/软件工程相关专业, 前端开发经验, Python, 架构师经验","岗位职责:
1.负责前端页面的开发与维护，确保兼容各种浏览器；
2.与产品经理和后端工程师紧密合作，确保产品功能的准确实现；
3.优化页面加载速度，提升用户体验；
4.跟踪最新的前端技术发展，不断提升个人技能和团队技术水平。

任职要求：
1.具备优秀的逻辑思维能力和产品意识；
2.熟练掌握主流前端开发技术；
3.能够独立完成页面设计和开发，有良好的团队合作精神；
4.具有较强的学习能力和技术研究能力，能够快速解决技术难题。",26,2025-10-09 09:08:22
3月内活跃,php高级程序员,10-15K,10000,15000,1-3年,BOSS活跃,https://www.zhipin.com/job_detail/ee75ba1070ce20f61HF53d65EFtX.html,大专,宜昌,湖北省丙客供应链,0-20人,电子商务,福利信息未提供,"PHP开发经验, PHP, 计算机相关专业",主要负责微信小程序开发维护，供应链商城系统，php语言，前、后端，需要熟悉uniapp、vue，上班时间早8:30-12:00 13:30-18:00，中午提供中餐，交社保，有意向者，具体可面议,27,2025-10-09 09:08:23
2周内活跃,数字孪生工程师,3-6K,3000,6000,经验不限,BOSS活跃,https://www.zhipin.com/job_detail/11369acefdebd1da1HFy2NS6GFNR.html,大专,宜昌,宜昌祈泰,20-99人,自动化设备,福利信息未提供,OpenGL,"岗位职责：

1、负责数字孪生应用的设计、实现和调试；
2、根据产品需求，设计客户端架构，配合后端团队共同制定数据结构和数据模型；
3、负责与产品、美术和其他开发人员讨论需求，共同合作开发数字孪生应用或功能模块；
4、负责优化数字孪生应用客户端性能和3D渲染效果；
5、深入研美擎仿真、Unity3D、UE4/UE5插件和相关技术，负责数字孪生平台的技术攻关；
6、参与三维建模的质量把控，对三维建模提出指导意见；
7、负责三维场景显示效果整体优化；

任职要求：
1、大专以上学历，机电、计算机、机器人等理工科专业毕业；
2、掌握Java、Python、C++等编程语言；
3、熟悉Linux操作系统，具备前端和后端开发经验；
4、具备三维可视化开发经验，熟悉Unity、UE、ThreeJs、OpenGL等三维引擎优先；
5、具有虚拟仿真、数字孪生、大数据管理软件等领域行业经验优先；
6、有城市或工业数字孪生项目开发经验者优先；
7、有丰富经验者可以面谈。",28,2025-10-09 09:08:24
近半年活跃,电子软件工程师,5-6K,5000,6000,1-3年,BOSS活跃,https://www.zhipin.com/job_detail/75a8b90c3c5096711Hd_3dW1FFJT.html,本科,宜昌,智电安,20-99人,生活服务(O2O),福利信息未提供,Java,"岗位职责：1. 软件后端功能模块开发；
  2. 前后端功能接口定义；
  3. 设备信息采集与分析；
  4. 配合设备做高性能通信协议开发及硬件测试；
  5. 规范编写软件功能模块文档；
  6. 维护所负责的软件项目，修复问题；
  7. 完成上级分配的其他开发任务。",29,2025-10-09 09:08:25
2月内活跃,外运创科-运易通-java开发（宜都上班）,5-8K,5000,8000,1-3年,BOSS活跃,https://www.zhipin.com/job_detail/97627ab3ec429dfb03B-2Nm6FVBS.html,本科,宜昌,运易通,100-499人,互联网,福利信息未提供,"Java, SpringCloud, MySQL, MyBatis, Redis, Spring","工作职责:
1、负责网络货运系统日常运维工作，问题解答。
2、负责小程序、管理后端页面维护。
3、负责数据库、重要功能说明文档编写。
任职资格:
1、Java 基础：掌握语法、面向对象编程及常用类库。
2、编程能力：会独立开发简单程序，了解算法与数据结构。
3、Web 与数据库：熟悉 Servlet/JSP 及前端基础；掌握 MySQL 等数据库，了解 JDBC 操作。
4、工具使用：熟练用 Eclipse/IDEA，掌握 Git，了解 Maven/Gradle。
5、其他：遵循代码规范，有学习和问题解决能力，懂 Linux 基础命令。",30,2025-10-09 09:08:27
半年前活跃,大数据项目经理,5-9K,5000,9000,1-3年,BOSS活跃,https://www.zhipin.com/job_detail/a3825484c34724011HN-09m9EVNT.html,本科,宜昌,瀚海云网络有限公司,500-999人,互联网,福利信息未提供,"企业内部技术项目管理, 计算机相关专业, 大数据项目管理经验, 实施交付经验, PMP, CSM/PSM, 信息系统项目管理师","任职要求：
专业背景：计算机科学或相关领域本科及以上学历。
技术实力：精通Java后端开发，熟悉主流开发框架。
项目管理：至少2年AI数据服务类项目交付经验，具备成熟方法论。
较强沟通能力、学习能力、组织能力、抗压能力、问题解决能力。
工作职责：
           1.项目统筹、协同团队制定项目交付计划，进行项目进度与质量监控，规避项目风险。
           2.理解标注规则，协同数据质量分析工作。
           3.组织并负责项目汇报
           4.有2D标注/3D融合标注/语音分割/OCR转写/无人驾驶相关经验者优先。
岗位福利: 1.薪资架构:底薪加计件提成加全勤奖，综合薪资5k-9k
              2.工作时间：早上8点30晚6点，午休1小时.上六休一，法定节假日休，购买社保，包中午工作餐，提供免费住宿6人间，空调热水器饮水机独立卫浴，wif设施齐全。",31,2025-10-09 09:08:28
半年前活跃,后端开发工程师,5-10K,5000,10000,经验不限,BOSS活跃,https://www.zhipin.com/job_detail/84ae40f704ce1d303nB63Nm9FFM~.html,大专,宜昌,兆圆科技,0-20人,计算机服务,福利信息未提供,"Python, SQL","基本要求：年龄不限 性别不限
学历要求：大专及以上
薪资待遇：5000-12000元/月
福利：五险一金 加班补助 年终奖 传统节假日福利 生日福利 

岗位描述：
1、依据业务需求，进行信息系统的后台服务开发及维护；
2、对具体的产品进行性能优化；
3、针对高并发的业务需求，分析系统瓶颈，解决各种疑难杂症，充分考虑安全性、性能方面的风险；
4、业务组件和框架的设计与开发；
岗位要求：
1、熟悉Web服务开发，熟悉Python程序语言以及flask、django等框架，且有实际项目开发经验者优先；
2、熟悉MySQL、SQL Server等关系型数据库和Redis等NoSQL数据库；
3、熟悉Linux、Nginx、Docker/Podman等优先；
4、能承受工作压力，富有良好的团队精神和积极的进取心，正确的价值观； 
5、较强的自我管理能力，工作作风严谨，较强的学习能力，沟通能力，组织协调能力，个性开朗乐观，具有产品思维独立思考，善于站在用户角度，文档能力强。",32,2025-10-09 09:08:38
半年前活跃,兼职开发,5-8K,5000,8000,1-3年,BOSS活跃,https://www.zhipin.com/job_detail/35db063e9ba035e11nB82t6_GFRT.html,大专,宜昌,清锋云智,0-20人,互联网,福利信息未提供,"SQL, .NET Core, C#, MVC开发, SQL Server, MySQL, 软件工程师, Linux","1.完成分配的开发任务，定时回报开发进度，及时反馈异常情况
2.要求能独立完成开发任务，主要包括.net后端开发维护，mysql，mssql开发维护，统计报表开发维护。",33,2025-10-09 09:08:39
近半年活跃,移动端开发工程师,6-10K,6000,10000,经验不限,BOSS活跃,https://www.zhipin.com/job_detail/6634d9c71b6f87fa0HF42ti6F1U~.html,本科,宜昌,湖北智政,20-99人,计算机软件,福利信息未提供,"JavaScript, CSS","职责描述：
1、独立承担分析业务系统前端的设计、开发与实现。
2、与UI设计师和后端工程师合作，为移动端Web页面的用户提供更好的体验和更丰富的功能。
3、设计和开发企业级应用系统。
4、持续优化系统性能，改进测试流程。

任职要求：
1. 本科及以上学历，计算机相关专业。
2. 熟练掌握Web前端技术CSS3/HTML5/JavaScript。
3. 熟练掌握最新Web前端框架(Vue/React/Angular 1,2)。
4. 熟练掌握模块管理和打包工具(Webpack等)，有NodeJS开发经验。
5. 熟练使用版本管理工具(git,svn)。
6. 熟悉各种前端开发和测试工具(Firebug, Fiddler, Postman, Web developer tools等)。
7. 对框架运行原理有一定的理解。
8.会android和IOS原生开发优先。
9.了解oracle、sqlserver、mysql等常用的数据库系统。
10. 思路清晰，优秀的分析与沟通能力，编码规范。",34,2025-10-09 09:08:41
半年前活跃,项目经理/主管,5-10K,5000,10000,1年以内,BOSS活跃,https://www.zhipin.com/job_detail/d43916c4f42775241X163Ny_E1RW.html,大专,宜昌,湖北东鹏知识产权,20-99人,专利/商标/知识产权,福利信息未提供,"团队管理经验, 销售支持/交付管理, 管理相关专业","岗位职责:

1、参与以无形资产评估为核心的知识产权运营中后端服务；
2、协助评估师完成（无形资产）评估并出具报告；
3、辅导客户进行资料收集提报；
4、协助客户问题的咨询、协调处理与跟踪；
5、维护负责区域内合作单位的关系，维持老客户、发掘新客户；
6、完成领导交办的其它工作。

任职资格:
 1、大专及以上学历，市场营销、法律、金融、财务、资产评估等相关专业优先；
2、有资产评估、知识产权相关行业从业经验者优先；
3、熟练的文档编辑整理能力；
4、具有较强的市场敏感度及分析表达能力；
5、具有良好的思辨、创新、沟通及团队合作能力；
6、有冲劲，有理想，具服务意识、结果导向性强。

双休、节假日福利、五险、培训学习、旅游奖励",35,2025-10-09 09:08:42
3日内活跃,高级全栈工程师,18-30K,18000,30000,1年以内,薪资过高,https://www.zhipin.com/job_detail/bdfe1b60640f271003x52dq9F1pW.html,本科,宜昌,宜昌市西陵区这里...,0-20人,宠物服务,福利信息未提供,"JavaScript/TypeScript, Node.js开发经验, 服务端开发经验, Linux开发经验, Vue/Angular/React, 全栈, Node.js, MySQL/Redis/MongoDB, 前端开发经验, 大数据处理开发经验","岗位职责：
1. 负责Node.js的全栈开发，包括前后端的设计、开发与维护。
2. 与团队成员协作，确保项目按时交付且满足质量要求。
3. 对现有系统进行优化升级，提高系统性能和稳定性。
4. 开发新功能，提升用户体验。
5. 参与前后端的接口设计，保证高效的沟通和协作。

任职要求：
1. 具备扎实的Node.js开发经验，熟悉前后端开发流程。
2. 熟悉Node.js的框架和开发工具，有良好的编程习惯。
3. 具有良好的分析问题和解决问题的能力，能够独立处理和优化代码。
4. 有良好的团队合作精神和沟通能力，能够在压力下保持高效的工作状态。",36,2025-10-09 09:08:43
刚刚活跃,助教老师,3-8K,3000,8000,经验不限,包含其他关键词,https://www.zhipin.com/job_detail/faefe7113cd34ecd1HJ509q-EVRX.html,本科,宜昌,宜昌小黑课堂教育科技,0-20人,培训/辅导机构,福利信息未提供,"心理学专业背景, 大学/大专生, 学科应试类, 大型教育机构经验, 坐班, 社群运营经验, 培训机构, 线下教育, 英语, 大班教学（25人以上）","岗位职责：岗位描述：
1.日常学生课后学习辅导管理与监督，安排课后学生自主学习；
2.课前准备及协助老师准备，管理多媒体。协助老师做好考勤工作，维护课堂教学秩序；
3.认真收集学生的想法及时和老师沟通，做好同学，老师和家长的沟通桥梁
4.及时回答学生的问题做好答疑解惑。
5.对接校区，教室安排，寝室安排。
6. 配合后端做续费，对产品了解，熟悉产品PPT。
7.提供助教辅导课，积累经验，条件优秀可转为授课老师。
职位要求：
1.本科及以上学历，英语较好，专四专八优先，托福雅思高分者优先，有过专升本经历者优先！
2.有一年及以上相关岗位经验最佳。应届毕业生亦可。能和学生建立粘度。
3.性格外向阳光，善于和孩子沟通，有责任心及耐心，亲和力好
4.有同理心和良好的服务理念！",37,2025-10-09 09:08:44
3月内活跃,前端开发工程师,5-10K,5000,10000,经验不限,包含其他关键词,https://www.zhipin.com/job_detail/80d8de7752f8e77503dz2t--E1RR.html,本科,宜昌,枝江市村启数字科技,0-20人,电子商务,福利信息未提供,"Java, CSS, 不接受居家办公, JavaScript, HTML5, Vue, 前端开发经验","职位描述：

1.负责公司安卓/微信小程序应用的设计、开发与维护，根据产品需求，独立完成功能模块的编码实现，确保应用的高性能、高稳定性和兼容性。
2.参与安卓应用/微信小程序架构设计与技术选型，不断优化应用架构和代码质量，提升开发效率和用户体验。
3. 与产品经理、设计师、后端开发团队紧密合作，深度参与产品的需求分析、功能规划与技术方案制定，确保项目按时按质交付。
4. 对应用进行性能测试、优化与问题修复，持续关注行业新技术发展趋势，及时将新技术应用到实际项目中，提升产品竞争力。

任职要求：

1. 基本素养：热爱祖国，遵循社会主义核心价值观，具备良好的道德品质和职业操守，有积极向上的价值观与团队合作精神，愿意为公司发展全力以赴，为社会创造价值。
2. 本科及以上学历，计算机科学、软件工程等相关专业，具有扎实的编程基础和数据结构、算法知识。应届毕业生可报名，对于应届毕业生，公司提供相关职业技能培训。
3. 精通vue,springboot等主流框架，精通html,css,javascript,java，熟悉HBuilerX等开发环境。熟悉高德/百度/腾讯地图的集成，熟悉微信支付的集成。
4. 具备丰富的 Android/微信小程序应用开发经验，有独立完成至少一款上线应用的开发经历。
5. 熟悉常用的设计模式，具备良好的代码风格和编程习惯，能够编写高质量、可维护性强的代码。
6. 具有较强的学习能力和团队协作精神，能够快速掌握新技术，善于沟通交流，有较强的问题解决能力和抗压能力。",38,2025-10-09 09:08:46
半年前活跃,web前端工程师,5-6K,5000,6000,1-3年,包含其他关键词,https://www.zhipin.com/job_detail/e6be8afdbc04d1681HBy2du8FlpY.html,大专,宜昌,微云科技,0-20人,计算机软件,福利信息未提供,"计算机/软件工程相关专业, 前端开发经验","1、参与项目方案讨论、设计以及文档编写；
2、负责前端HTML/js/CSS代码的编写，实现界面效果、交互和功能；
3、按产品设计需求完成项目开发迭代，主动实现优化和提升用户体验；
4、深入分析和解决前端遇到的各种技术、性能、跨终端兼容问题，保证页面响应性能和执行效率；
5、完成前端核心业务代码及JS组件的封装；
6、能不断完善和优化前端技术开发规范和流程。
岗位要求：
1、一年以上web前端工作经验
1、精通掌握Javascript、HTML/XML、CSS3、html5、Ajax等前端开发技术，熟悉W3C标准；
2、了解并能使用Vue、JQuery、bootstrap等Javascript开发架构和框架；
3，了解一种后端开发语言／框架，如php, node.js, java；
4、具备良好的团队合作精神、较强的沟通能力、高度的责任感、有一定的抗压能力；对新技术感兴趣，学习能力强；能阅读简单的英文文档。

职位福利：五险一金、加班补助、通讯补助、弹性工作、员工旅游、节日福利、创业公司、周末双休",39,2025-10-09 09:08:47
3日内活跃,【减肥项目0投资】引流创业合伙人,5-10K,5000,10000,1-3年,不包含Java,https://www.zhipin.com/job_detail/00bd70f48531565803x62di1FFVS.html,大专,宜昌,宜昌西陵肥胖健康...,20-99人,保健/养生,福利信息未提供,职位要求技能未提供,"会引流、会写文案、会搞群就能赚钱—把线上流量直接变成每月3-30W的自动分润机器！

【我们在找谁】  
1. 擅长任意线上获客：抖音/小红书/视频号直播、千川/AD户投流、社群裂变、公众号SEO、知乎软文带货…  
2. 能独立把精准减肥粉导入微信或企业微信，日均引流≥30人；  
3. 缺高客单、高复购、强后端的好项目，想凭流量真本事长期分润。

【我们提供什么】  
1、全球45年历史、纽交所上市、代餐销量TOP1品牌官方授权；  
2、20年专业体重管理团队+营养师，成交、售后、复购、裂变全流程托管；  
3、自有线下服务基地和培训中心，专业主播/摄影/剪辑免费共享，随时拎包拍片；  
4、合规分润系统，实时可看每一笔成交和后续复购，T+1到账，终身绑定。

【合作收益】  
1. 高额前端分成：  T+1到账，准时入账；  
2. 永久管道收益：客户后续复购，你持续拿，月月躺赚；  
3. 团队级差奖：招募1名推广大使，享其业绩管理奖，无限代；  
4. 分红共享：年度KPI考核合格，直接授予公司利润分红+海外年会。

【你需要做什么】  
① 用你拿手的方式（直播/短视频/社群）把减肥精准粉导进我们企业微信；  
② 按我们提供的“7天私聊剧本”把粉丝预约进免费减脂测评群；  
③ 剩下所有成交、服务、复购、裂变由我们专业团队完成，你在手机上看分润就行。

【加入流程】  
BOSS投递简历→15分钟线上沟通→试推1天（真实结算）→签约→放大干。

流量在手，钱就自动流进来！空白渠道限时开放，点击“立即沟通”，占住席位，一起把流量变成终身资产！",40,2025-10-09 09:17:34
刚刚活跃,全站工程师,5-10K,5000,10000,经验不限,不包含Java,https://www.zhipin.com/job_detail/42358dd4f3fbc5dd1HZy2dW8EFVQ.html,学历不限,宜昌,武汉华夕科技有限公司,20-99人,计算机软件,福利信息未提供,"Nginx, Java, 微服务经验, MySQL, Redis, MyBatis, 架构设计经验, SQL Server, Spring, ERP开发经验",懂Java后端开发，懂springboot开发，熟练使用各种数据库，熟练使用redis缓存技术，熟练使用vue前端框架,41,2025-10-09 09:17:36
3日内活跃,抖音售前客服,7-12K,7000,12000,经验不限,不包含Java,https://www.zhipin.com/job_detail/9bfd38ed795ad3cc03F80tS5FFdW.html,学历不限,宜昌,宜昌创逊电子商务,20-99人,互联网,福利信息未提供,职位要求技能未提供,"一、职位详情
1、拓展客户：只负责线上开发需要我们产品/服务的客户，不需要做销售成单，后端有专门销售开单的部门
2、办公室坐班，工作氛围好，无需打电话外出办公。
3、工作积极，有耐心，入职会有培训，有老员工一对一教。
二、福利待遇：
无责底薪3500，综合月收入8000+高额提成+各项奖金补贴
签订劳动合同，购买五险
工作时间9:00到12:00，1:30到6:00不加班
每周日固定休息，法定节假日休息
三个月一次大型团建
一年不少于两次晋升机会
下午茶员工生日会福利多多
三、我们需要：
会聊天、情商高
有赚钱欲望，不开单睡不着觉那种
会用微信，互联网平台等这些基础软件
有销售经验最好，没经验肯学也行
四、举个栗子：
丁姐今年刚来，第一个月开了2单，现在每月稳赚2w+

不要求学历
不查背景
不搞复杂考核
钱和职位都给到位！有意者直接联系",42,2025-10-09 09:17:37
3日内活跃,带货主播,3-8K,3000,8000,1-3年,不包含Java,https://www.zhipin.com/job_detail/05ec3ddf7d8c2fe803J83dq9FlRZ.html,学历不限,宜昌,宜昌市楼镜传媒,0-20人,广告营销,福利信息未提供,"五险一金, 抖音, 无需露脸","岗位职责：
1、负责在抖音等平台直播、产品讲解
2、不断优化直播技巧，(引导粉丝留电话即可)
3、维护直播间粉丝，应对粉丝的提问，与粉丝积极互动，引导新粉关注
4、直播期间，调动粉丝情绪，增加粉丝的活跃度，引导粉丝多互动
5、短视频按模版日更一条
任职要求
1、有丰富的直播经验最好，男女不限，可不露脸直播
2、熟悉抖音平台
3、亲和力强
4、普通话好，有良好的表达能力和临场反应能力
5、全职
待遇
1、试用期7天，有本地直播大V一对一直播陪跑，做不做的出来看你自己 
2、五险一金
3、国内外年度旅游
4、底薪3K-5K+提成，不是带货直播，提成非带货销售，有后端销售人员负责转化，成交一单提成 2K左右！月薪过万还是过几万全看自己的直播能力，后端销售团队宜昌同城NO.1",43,2025-10-09 09:17:38
刚刚活跃,数据分析师,4-7K,4000,7000,1-3年,不包含Java,https://www.zhipin.com/job_detail/a2bf7b919def16ee03N52di_EFdY.html,大专,宜昌,康鑫医药,20-99人,生物/制药,福利信息未提供,Python,"岗位职责：1、运用 Python 独立开发数据处理脚本与自动化工具，提升工作效率；
2、熟练使用 SQL 完成复杂数据查询、分析、清洗及报表生成，参与数据库设计、性能优化与日常运维；
3、负责微信小程序的整体规划、开发、测试、发布及迭代优化，持续提升用户体验与产品性能；
4、优化数据处理流程，保障数据质量与处理效率，维护数据平台的稳定运行；
5、协同跨部门团队，完成医药相关数据的收集、清洗与整合，为业务决策与分析提供可靠支持。
任职要求：年龄要求：35 周岁以下
经验要求：具备 3 年以上 Python 与 SQL 相关开发经验，拥有项目开发及上线经验；
学历要求：大专及以上学历，计算机科学、软件工程、数据科学或相关专业优先；
技术要求：精通 Python，能熟练进行 Web 后端开发、脚本编写及数据处理；熟悉 SQL，能编写复杂查询，了解至少一种关系型数据库（如 MySQL、PostgreSQL）的使用、优化及管理；
具备医药相关数据处理或分析经验优先；
具备优秀的问题解决能力、良好的沟通能力和团队协作精神，能积极主动推进项目；
岗位福利：薪资面议",44,2025-10-09 09:17:39
半年前活跃,web前端工程师,8-9K,8000,9000,1-3年,包含其他关键词,https://www.zhipin.com/job_detail/4dce884eb1602fa91nF_3926FVBQ.html,大专,宜昌,宜昌趣商信息有限公司,20-99人,电子商务,福利信息未提供,前端开发,"岗位职责：
1、熟练掌握HTML5/CSS3/JS，至少两年的前端开发经验；
2、至少熟悉angular、vue、react其中一种MVVM框架；
3、熟悉前端依赖管理，构建，发布流程相关的工具
4、熟悉Javascript以及相关的类库(Jquery，backbone，underscore)的使用，能独立封装插件和抽象相关接口，动手能力强；
5、熟练解决移动设备包括 iOS 和 Android 的 WebKit 兼容性问题；
6、优秀的Troubleshooting的能力，性能优化能力，良好的沟通能力和团队协作精神。
有以下任一经验的，优先录用:
1、编写过前端组件，在github有前端作品，或有参与知名项目的编码或缺陷提交；
2、有全栈开发经验或熟悉一门后端语言Ruby、PHP、JAVA。
3、移动端混合应用开发经验。
备注：能力突出者，学历要求可以适当降低",45,2025-10-09 09:17:41
半年前活跃,web前端开发工程师（宜昌、宜都）,5-7K,5000,7000,1-3年,包含其他关键词,https://www.zhipin.com/job_detail/605e5b789a4bc6341n182ti7F1VQ.html,大专,宜昌,大家电脑,20-99人,计算机服务,福利信息未提供,"前端开发, JavaScript, CSS, HTML5, CSS3, Less, HIS, WEB开发","岗位要求：
1、熟练掌握HTML5/CSS3/JS，至少两年的前端开发经验；
2、熟悉 HTTP 协议，熟悉 Web 应用的性能优化，监控，兼容，分析方法。
3、有独立完成复杂前端模块的设计与实现经验者优先。
4、有开发微信小程序经验者优先。
5、了解模块化、前端编译和构建工具，熟练使用webpack、gulp等构建工具，熟练使用scss、less等；

有以下任一经验的，优先录用:
1、编写过前端组件，在github有前端作品，或有参与知名项目的编码或缺陷提交；
2、有全栈开发经验或熟悉一门后端语言PHP、JAVA。
3、有HIS系统开发经验者优先考虑",46,2025-10-09 09:17:42
2月内活跃,法务案件处理+高底薪4750+高提成轻松文职类,5-8K,5000,8000,1年以内,不包含Java,https://www.zhipin.com/job_detail/1d750ed897cec85a03dz2Nu_ElVS.html,大专,宜昌,快忆德网络科技,20-99人,互联网,福利信息未提供,"侵权维权, 互联网公司工作经验, 通过法律职业资格考试, 律所工作经验, 法学专业背景","工作内容:
公司有两个自营律所（非挂靠），目前招聘法务后端处理人员，非销售性质不用找客户，帮助各大平台网红处理肖像权侵权维权相关事宜，提供法律咨询服务，保证服务质量
岗位职责:
1.负责梳理案件资料，固定相关证据
2.负责与侵权人前期沟通协商调解
3.负责帮助律师起草法律文件，进行法院立案后跟进维护，和法院沟通案子处理
岗位要求：
1、大专及以上学历，熟练使用办公软件，打字速度快
2、服务意识强，能够承受一定程度的压力，在工作中懂得自我调节:
3，具备法律行业（个债，维权等）后端服务经验半年以上优选
薪资待遇:
底薪4000+750补贴+提成，早九晚六点半不加班，午休一个半小时，包中饭，不玩虚的，此岗位只招两人",47,2025-10-09 09:17:43
2周内活跃,前端开发工程师,4-5K,4000,5000,1-3年,包含其他关键词,https://www.zhipin.com/job_detail/eebf4dfebf73f47e03Vz3N28F1NQ.html,大专,宜昌,宜昌市宇讯网络通...,20-99人,计算机软件,福利信息未提供,"CSS, JavaScript, HTML5, Vue, Node.js","技能要求：
JavaScript，CSS3，H5
岗位职责：
1.参与公司各项目中的前端功能设计，开发和实现；
2.负责分析产品需求调研和分析，给出最优的前端设计方案并完成代码；
3.负责与后端人员进行沟通，协同解决及优化前后端数据交互。
任职要求
1、一年及以上前端开发经验；
2、熟练使用Vue3前端框架，有丰富的项目经验。
3、有微信小程序项目经验者优先。
4、有后台开发项目经验者优先。",48,2025-10-09 09:17:45
半年前活跃,前端开发工程师,5-10K,5000,10000,1-3年,包含其他关键词,https://www.zhipin.com/job_detail/37e57d1ec0e242561XB82dq4EVZX.html,大专,宜昌,宜昌农人,0-20人,计算机软件,福利信息未提供,"技术博客/开源项目有所贡献, CSS, HTML5, JavaScript, 计算机/软件工程相关专业, 前端开发经验","工作职责：
1、承担PC端和移动端的前端模块开发任务。
2、承担整体页面结构及CSS样式层结构的设计、优化， 掌握集成测试、线上部署、性能监控及调优等技术方案。
3、确保需求实现满足项目需求设计规范、软件编码规范以及性能要求。
4、对后端架构有基本了解，与后端工程师配合完成模块开发。
任职资格：
1、三年以上前端开发经验，能独立完成前端开发工作, 计算机、软件类专业优先考虑。
2、掌握HTML5、CSS3、JavaScript基础开发，熟悉ES6相关技能，能独立完成JavaScript代码的编写和优化工作。
3、熟练使用vue、react主流前端框架，uniapp等移动端前端框架。
4、美工技能或产品原型图设计经验者优先考虑  
5、精通HTML5，CSS3及JavaScript，能开发高度动态的Web界面，熟练掌握 SASS / PostCSS / Styled Components 的使用，对页面渲染及样式库的开发有深刻理解。
6、熟练使用 ECMAScript 5 及 ES2016+ 进行开发，有一定的代码洁癖和良好的文档能力，掌握常规 Lint 类工具及类型检查、持续集成工具的使用，熟练使用业界常用JavaScript库或框架（Vue 为主 / React / Angular），熟悉（Redux / Mobx / Vuex / Router）的使用场景及原理
7、熟悉前端工程化解决方案（Webpack / Rollup.js）的使用，了解Loader / Plugin 的原理及实现，深刻理解数据结构，熟悉缓存机制，熟练掌握正则表达式；
8、对页面性能和浏览器兼容有丰富的实践经验，能轻松写出符合W3C标准、兼容主流浏览器的代码； 熟练使用Firebug等开发调试工具；
9、熟练使用常用框架如jQuery、VUE、seajs等，修改过框架代码者优先考虑；10、熟悉常用的前端MVC框架，精通Vuetify、Ant Design。熟悉Angularjs、Bootstrap, ExtJS框架有加分。
11、精通至少一种JS框架或者对JS语言掌握较深；熟悉Node.js有加分；了解或使用过Node.JS进行WEB开发者优先考虑， 有Android、IOS等移动开发经验者优先考虑；
12、有大型移动互联网行业相关产品实际产品开发经验者优先。
13、有微信开发经验、移动端web开发经验、Hybrid开发经验加分。",49,2025-10-09 09:17:46
今日活跃,云物流调度合伙人,10-15K,10000,15000,经验不限,不包含Java,https://www.zhipin.com/job_detail/0e42ce14ebe8114f03x739-_F1BT.html,学历不限,宜昌,郑州邱满信息技术,20-99人,互联网,福利信息未提供,"客户/渠道开发及运营, 企业, 销售经验, 品牌招商, 企业服务, 个人, 团队建设及管理能力","2025年最新模式，找创业合伙人联合创始人，
内容：
1.自营项目实操3年多，公司300多平，50人+团队，项目稳定成熟，新人兜底月2-3万+，数据可查可以无限放大带团队做，居家可当副业，操作简单,寻志同道合的有志人士共同发展，公司可以手把手指导!!!!
2.吃苦耐劳，创业加班是常态，没有付出哪来的回
报。
3.有激情、耐心和创新思维。

任职要求:
1.对创业有浓厚的兴趣，具备强烈的事业心和责任感。
2.能够独立负责项目的后端开发和运营。
3.有良好的团队合作精神和沟通能力，能够在快节奏环境中保持积极态度。
4.具备吃苦耐劳的精神",50,2025-10-09 09:17:47
本月活跃,后端,5-10K,5000,10000,1-3年,BOSS活跃,https://www.zhipin.com/job_detail/b5d942158cc63bb81Xx-3du1FFNR.html,本科,宜昌,小悦科技,0-20人,互联网,福利信息未提供,"后端工程师, Java, Java开发经验","工作职责 ：
1、参与项目系统的需求分析和设计，完成相关需求代码开发、调试，自测工作；
 2、进行软件详细设计和编码实现，确保安全、质量和性能； 
3、维护和升级现有软件产品，快速定位并修复现有软件缺陷；
 4、配合项目需求完成相关任务目标。
任职要求: 
1、本科及以上学历，计算机相关专业；3-5年的java软件开发经验；
 2、精通java语言，熟悉多线程，缓存，并发等技术方案，能独立完成单独需求的详细的设计和开发；
 3、熟悉SpringCloud，mybatis，Dubbo，redis，zk等开源框架；熟悉关系型数据库(mysql/oracle/postgresql/tidb)使用、设计； 
4、良好的编程习惯，思路清晰，责任心强，积极主动，对技术要有激情，学习能力强，良好的沟通表达能力和团队协作能力； 
5、熟悉微信、企业微信、钉钉等接入； 
6、有SAAS软件开发经验优先；",51,2025-10-09 09:17:48
今日活跃,高级城市经理,10-11K,10000,11000,经验不限,不包含Java,https://www.zhipin.com/job_detail/3c29da886639c3ae1H192N-9FVJT.html,学历不限,宜昌,宜昌龙猫科技咨询,0-20人,咨询,福利信息未提供,"客户/渠道开发及运营, 证券/互联网金融, 销售经验, 销售管理经验, 团队招募及培养, 互联网/科技, 制定区域营销计划","业务范围
为后端法律、法务部门宣传业务，接各类纠纷案件，当下普通人寻求法律援助渠道难，费用高，各类纠纷不了了之无法处理，我们公司专业解决大众常见问题，其中一项主营业务是帮助百姓解决经济压力，商谈制定新的还款方案，拉长时间，降低压力，回归正常生活，以及其他各类经济问题，钱花了事没办成的纠纷问题，各类法律咨询，案件指导
要求
年龄：30-45，男女不限
经验不限，有培训帮带，有销售经验创业经验的上手更快，收入多元化
与其选择迷茫虚度光阴，不如给自己一个机会了解新兴行业
欢迎各界销售精英，传统老板跨界了解",52,2025-10-09 09:17:50
刚刚活跃,抖音售前客服,5-10K,5000,10000,经验不限,不包含Java,https://www.zhipin.com/job_detail/435020757d3b513303F92928ElBQ.html,学历不限,宜昌,宜昌创逊电子商务,20-99人,互联网,福利信息未提供,"含有销售的客服工作, 不接受居家办公, 办公室坐班, 电话客服, 企业内部客服, 线上客服, 正常工作制","一、职位详情
1、拓展客户：只负责线上开发需要我们产品/服务的客户，不需要做销售成单，后端有专门销售开单的部门
2、办公室坐班，工作氛围好，无需打电话外出办公。
3、工作积极，有耐心，入职会有培训，有老员工一对一教。
二、福利待遇：
无责底薪3500，综合月收入8000+高额提成+各项奖金补贴
签订劳动合同，购买五险
工作时间9:00到12:00，1:30到6:00不加班
每周日固定休息，法定节假日休息
三个月一次大型团建
一年不少于两次晋升机会
下午茶员工生日会福利多多
三、我们需要：
会聊天、情商高
有赚钱欲望，不开单睡不着觉那种
会用微信，互联网平台等这些基础软件
有销售经验最好，没经验肯学也行
四、举个栗子：
丁姐今年刚来，第一个月开了2单，现在每月稳赚2w+

不要求学历
不查背景
不搞复杂考核
钱和职位都给到位！有意者直接联系",53,2025-10-09 09:17:51
半年前活跃,Web后端,5-8K,5000,8000,1-3年,BOSS活跃,https://www.zhipin.com/job_detail/6de6139198b37afe3nR-3tu6GVA~.html,大专,宜昌,吉分豆豆,0-20人,计算机软件,福利信息未提供,"Java, SQL, Python","岗位要求：
1、负责客户端APP产品中服务器后端的工程设计，架构设计以及开发工作；
2、会主流后端语言编程经验：Java
3、精通主流Web应用开发框架(Spring，Play!，Express，Django，等等);熟悉SOA和Web Services(REST，SOAP)系统框架;熟悉主流应用服务器(Tomcat，JBoss，Apache，Nginx，等)
4、精通数据库设计和性能优化;熟悉主流RDBMS和NoSQL数据库(MySQL，MongoDB，Memcached，Redis等)，以及数据库编程(SQL， JDBC， iBatis，OpenJPA， 等)
5、根据项目任务计划按时完成软件编码和单元测试工作；
6、按照开发流程编写相应模块的设计文档；
7、与产品经理、测试工程师、其他团队沟通合作，保证产品研发工作的质量和进度；
8、协调或指导团队里其它开发人员的工作。
工作时间：
早上9：00-12：00下午13：30-18：00.
周末单双休
工资待遇：
5000-8000",54,2025-10-09 09:17:52
5月内活跃,大数据项目经理,8-13K,8000,13000,1-3年,不包含Java,https://www.zhipin.com/job_detail/2604e226911f7e151HJ_0tW0GVVW.html,本科,宜昌,湖北汉融信息,20-99人,计算机软件,福利信息未提供,"销售支持/交付管理, 计算机相关专业, 售前支持经验, 大数据项目管理经验, 精通Java后端开发","岗位职责：
项目规划与架构设计： 根据业务需求，主导政务系统的整体架构设计，确保技术方案的先进性、可行性与安全性。
产品设计与迭代管理： 驱动产品设计优化，整合用户反馈，不断迭代升级，提升产品市场竞争力。
技术资源整合： 协调内外部资源，包括第三方厂家与内部开发团队，有效整合技术力量，确保项目顺利实施。
项目执行与监控： 全面负责项目进度管理，确保项目按时按质交付，有效管理风险，解决项目实施过程中的技术难题。
客户沟通与需求管理： 作为客户与团队之间的桥梁，深入理解客户需求，有效沟通技术方案，建立良好的客户关系。
技术领导与团队建设： 指导和培养团队成员，提升团队的技术能力和项目管理水平，营造积极向上的工作氛围。

任职要求：
专业背景： 计算机科学或相关领域本科及以上学历。
技术实力： 精通Java后端开发，熟悉主流开发框架（如Spring Boot/Spring Cloud）；具备扎实的软件架构设计能力和产品设计经验。熟悉大数据相关组件，有项目经历。
项目管理： 至少5年软件项目管理经验，其中至少2年涉及政务系统或大型企业级应用的项目管理。
沟通协调： 出色的沟通表达与协调能力，能够有效地与客户、团队成员及合作伙伴建立良好关系。
领导力与团队精神： 强大的领导力，能够激发团队潜能，带领团队克服挑战，达成目标。",55,2025-10-09 09:17:54
3日内活跃,【减肥项目0投资】资源创业合伙人,5-10K,5000,10000,1-3年,不包含Java,https://www.zhipin.com/job_detail/c18dc52166a3dc7103x62d20F1dX.html,学历不限,宜昌,宜昌西陵肥胖健康...,20-99人,保健/养生,福利信息未提供,职位要求技能未提供,"零投资、不囤货、不打卡——把你的减肥客户/社群/博主资源，直接变成每月2-10W的被动收入管道！

【我们在找谁】  
1. 手里有减肥客户、宝妈群、健身/医美/直播粉丝、社群团购资源，却苦于没有好产品+后端变现系统；  
2. 想轻创业，每天可投入1-2小时，不影响主业/带娃；  
3. 认同长期主义，愿意一起打造复购+裂变式事业。

【我们提供什么】  
1.全球45年历史、纽交所上市、代餐销量TOP1品牌官方授权；  
2.20年专业体重管理团队坐镇，帮你做咨询、售后、复购全流程；  
3.自有线下服务中心+培训基地，免费给你做线下体验/培训赋能；  
4.独家“资源诊断—变现方案—自动分润”系统，手机后台实时可看收益；  
5.合规阳光，统一物流、统一发票、统一售后，你只管前端分享。

【合作收益】  
1. 零售利润：10-30%即时分润，T+1到账；  
2. 团队裂变：享受团队持续提成，月月复购，管道式增收；  
3. 年终分红：达标即享公司年度利润分红+海外年会旅游；  

【你需要做什么】  
① 把现有资源跟我们对接测评；  
② 按我们提供的SOP发圈/直播/社群运作；  
③ 后续所有服务、成交、复购由我们专业团队完成。

【加入流程】  
BOSS投递简历→15分钟线上沟通→资源评估→签约授权→当天开始分润。

减肥合伙人｜资源变现｜代餐分销｜轻创业  
资源在手，变现立刻开头！如果你不想错过“体重管理”黄金赛道，直接点开立即沟通，把你的资源变成终身资产！",56,2025-10-09 09:17:55
半年前活跃,带货主播,4-8K,4000,8000,经验不限,不包含Java,https://www.zhipin.com/job_detail/c731eaf7b31222dd1Hdz0tq7F1ZX.html,学历不限,宜昌,枝江市博尼医疗器...,0-20人,日化,福利信息未提供,"生活家居, 普通话流利, 接受夜班, 抖音, 拼多多, 淘宝, 弹性工作制","岗位职责：直播产品介绍，直播间与客户沟通互动，促进产品成交。与后端客户收货人员沟通对接
任职要求：理解产品参数，具有亲和力和客户沟通技巧
工作时间：不限，视情况而定",57,2025-10-09 09:17:56
2周内活跃,小红书线上引流/时间自由,7-11K,7000,11000,1年以内,不包含Java,https://www.zhipin.com/job_detail/bf20272ef7170e7e03N-29q1E1VU.html,学历不限,宜昌,湖北炬量信息科技,20-99人,广告/公关/会展,福利信息未提供,"线索获取, 非广告投放类, 线索截流, 截流引流, 文案撰写能力, 社群/用户运营, 营销策划能力","工作内容：
1、通过小红书（为主）、抖音等平台，做产品推荐，同行帖子下评论进行引流或截流。
2、无需到公司，时间灵活自由，手机账号自备
3、欢迎居家带娃、自由工作者、待业等咨询。不收取任何费用
4、有经验者日薪高的500+，有意向详谈

主要是在互联网平台，线上对产品有意向的客户进行交流获客，将客户引入后端顾问咨询即可。
正规合法经营企业，高利润的刚需+风口赛道+高效的流量打法+强大的后端+有结果的团队",58,2025-10-09 09:17:58
3日内活跃,电商主播,3-8K,3000,8000,1年以内,不包含Java,https://www.zhipin.com/job_detail/f3a921cff51df69503J_2d-5E1FW.html,学历不限,宜昌,宜昌市楼镜传媒,0-20人,广告营销,福利信息未提供,"抖音, 无需露脸, 普通话流利","岗位职责：
1、负责在抖音等平台直播、产品讲解
2、不断优化直播技巧，(引导粉丝留电话即可)
3、维护直播间粉丝，应对粉丝的提问，与粉丝积极互动，引导新粉关注
4、直播期间，调动粉丝情绪，增加粉丝的活跃度，引导粉丝多互动
5、短视频按模版日更一条
任职要求
1、有丰富的直播经验最好，男女不限，可不露脸直播
2、熟悉抖音平台
3、亲和力强
4、普通话好，有良好的表达能力和临场反应能力
5、全职
待遇
1、试用期7天，有本地直播大V一对一直播陪跑，做不做的出来看你自己 
2、五险一金
3、国内外年度旅游
4、底薪3K-5K+提成，不是带货直播，提成非带货销售，有后端销售人员负责转化，成交一单提成 2K左右！月薪过万还是过几万全看自己的直播能力，后端销售团队宜昌同城NO.1",59,2025-10-09 09:17:59
半年前活跃,全栈软件开发工程师,6-8K,6000,8000,1-3年,不包含Java,https://www.zhipin.com/job_detail/1478400e79c0893e1H170tq9FFdQ.html,大专,宜昌,优数慧科,0-20人,计算机软件,福利信息未提供,"Java, Vue, 全栈无侧重, 全栈项目经验","岗位职责： 
1、负责软件系统需求分析； 
2、负责软件系统的设计和开发工作； 
3、负责解决系统运行中的故障和性能问题；
4、深度参与前后端稳定性提升及性能优化等项目；
5、赋能初中级开发伙伴，提升团队整体技术能力。
岗位要求： 
1、精通前端技术（包括HTML/CSS/JavaScript等）和后端开发技术（JAVA、JEE、PHP等）； 
2、熟悉Spring、SpringMVC、Struts、MyBatis、Hibernate等JEE常用框架及springcloud、dubbo分布式框架； 
3、熟悉HTML、JS、Jquery、react、vue等前端框架； 
4、熟练掌握Oralce、Mysql数据库的开发和使用； 
5、具备跨终端（Mobile+PC）的前端开发能力；
6、加分项：具备客户端能力或者Native&Web技术融合经验； 复杂企业后台应用开发经验；数据可视化产品设计开发经验；大规模/高负载场景下NodeJS应用开发、运维经验；良好的算法背景，对机器学习有研究和项目实施经验；有独立的开源项目或者参与知名开源项目经验；团队管理能力。",60,2025-10-09 09:18:09
半年前活跃,web前端,8-9K,8000,9000,1-3年,包含其他关键词,https://www.zhipin.com/job_detail/27b4e74f11c9d0d41nB539q9GVNV.html,大专,宜昌,宜昌趣商信息有限公司,20-99人,电子商务,福利信息未提供,"前端开发, HTML","岗位职责：
1、熟练掌握HTML5/CSS3/JS，至少两年的前端开发经验；
2、至少熟悉angular、vue、react其中一种MVVM框架；
3、熟悉前端依赖管理，构建，发布流程相关的工具
4、熟悉Javascript以及相关的类库(Jquery，backbone，underscore)的使用，能独立封装插件和抽象相关接口，动手能力强；
5、熟练解决移动设备包括 iOS 和 Android 的 WebKit 兼容性问题；
6、优秀的Troubleshooting的能力，性能优化能力，良好的沟通能力和团队协作精神。
有以下任一经验的，优先录用:
1、编写过前端组件，在github有前端作品，或有参与知名项目的编码或缺陷提交；
2、有全栈开发经验或熟悉一门后端语言Ruby、PHP、JAVA。
3、移动端混合应用开发经验。
备注：能力突出者，学历要求可以适当降低",61,2025-10-09 09:41:15
半年前活跃,Web前端开发工程师（宜都）,4-7K,4000,7000,1-3年,包含其他关键词,https://www.zhipin.com/job_detail/2d2283ce616b2c9f1nF92Ny_GFpT.html,大专,宜昌,大家电脑,20-99人,计算机服务,福利信息未提供,"前端开发, 全栈开发, HTML, CSS, JavaScript, CSS3, HTML5, Less","岗位要求：
1、熟练掌握HTML5/CSS3/JS，至少两年的前端开发经验；
2、熟悉 HTTP 协议，熟悉 Web 应用的性能优化，监控，兼容，分析方法。
3、有独立完成复杂前端模块的设计与实现经验者优先。
4、有开发微信小程序经验者优先。
5、了解模块化、前端编译和构建工具，熟练使用webpack、gulp等构建工具，熟练使用scss、less等；

有以下任一经验的，优先录用:
1、编写过前端组件，在github有前端作品，或有参与知名项目的编码或缺陷提交；
2、有全栈开发经验或熟悉一门后端语言PHP、JAVA。
3、有开发HIS系统经验的优先考虑",62,2025-10-09 09:41:16
3月内活跃,前端开发工程师,4-5K,4000,5000,1-3年,包含其他关键词,https://www.zhipin.com/job_detail/d5da677084c2703103V40tu-FFpV.html,大专,宜昌,湖北省七巧连云数...,20-99人,智能硬件,福利信息未提供,"Java, CSS, JavaScript, HTML5, 计算机/软件工程相关专业","一、基础要求：
1、学历：计算机相关专业，大专及以上学历。  
2、工作经验：至少2年前端开发经验，优秀应届生可考虑。  
二、技能要求：  
1、精通 HTML5、CSS3、JavaScript，能够编写规范的代码。  
2、熟练掌握 Vue.js 或其他前端框架（如 React）。  
3、熟悉前端构建工具（如 Webpack、Vite）。  
4、熟悉与后端数据交互（RESTful API 或 GraphQL）。  
5、熟悉 Git，能够进行基本的版本控制。  
6、 有较好的问题解决能力，能够快速学习新技术。
三、岗位职责  
1、根据需求文档，完成页面的开发与维护。  
2、与设计师协作，实现基础的 UI/UX 效果。  
3、配合后端开发完成数据交互和接口联调。  
4、优化现有系统，改进代码和用户体验。  
5、跟进前端技术趋势，不断提升个人技能。",63,2025-10-09 09:41:17
本月活跃,中级后端工程师,5-10K,5000,10000,1-3年,BOSS活跃,https://www.zhipin.com/job_detail/7688a800d156cf0b1Xx-3du1GFVR.html,本科,宜昌,小悦科技,0-20人,互联网,福利信息未提供,"Java, Java开发经验","工作职责 ：
1、参与项目系统的需求分析和设计，完成相关需求代码开发、调试，自测工作；
 2、进行软件详细设计和编码实现，确保安全、质量和性能； 
3、维护和升级现有软件产品，快速定位并修复现有软件缺陷；
 4、配合项目需求完成相关任务目标。
任职要求: 
1、本科及以上学历，计算机相关专业；3-5年的java软件开发经验；
 2、精通java语言，熟悉多线程，缓存，并发等技术方案，能独立完成单独需求的详细的设计和开发；
 3、熟悉SpringCloud，mybatis，Dubbo，redis，zk等开源框架；熟悉关系型数据库(mysql/oracle/postgresql/tidb)使用、设计； 
4、良好的编程习惯，思路清晰，责任心强，积极主动，对技术要有激情，学习能力强，良好的沟通表达能力和团队协作能力； 
5、熟悉微信、企业微信、钉钉等接入； 
6、有SAAS软件开发经验优先；",64,2025-10-09 09:41:19
3月内活跃,抖音售前客服,6-11K,6000,11000,经验不限,不包含Java,https://www.zhipin.com/job_detail/a14b75cd45c623a903F92NS_FlZV.html,学历不限,宜昌,宜昌创逊电子商务,20-99人,互联网,福利信息未提供,职位要求技能未提供,"一、职位详情
1、拓展客户：只负责线上开发需要我们产品/服务的客户，不需要做销售成单，后端有专门销售开单的部门
2、办公室坐班，工作氛围好，无需打电话外出办公。
3、工作积极，有耐心，入职会有培训，有老员工一对一教。
二、福利待遇：
无责底薪3500，综合月收入8000+高额提成+各项奖金补贴
签订劳动合同，购买五险
工作时间9:00到12:00，1:30到6:00不加班
每周日固定休息，法定节假日休息
三个月一次大型团建
一年不少于两次晋升机会
下午茶员工生日会福利多多
三、我们需要：
会聊天、情商高
有赚钱欲望，不开单睡不着觉那种
会用微信，互联网平台等这些基础软件
有销售经验最好，没经验肯学也行
四、举个栗子：
丁姐今年刚来，第一个月开了2单，现在每月稳赚2w+

不要求学历
不查背景
不搞复杂考核
钱和职位都给到位！有意者直接联系",65,2025-10-09 09:41:20
今日活跃,咨询经理,10-11K,10000,11000,经验不限,不包含Java,https://www.zhipin.com/job_detail/65f5ac68818171751H192Ny7GFRZ.html,高中,宜昌,宜昌龙猫科技咨询,0-20人,咨询,福利信息未提供,"财务咨询, 公司内部, 战略咨询, 管理咨询, 金融","业务范围
为后端法律、法务部门宣传业务，接各类纠纷案件，当下普通人寻求法律援助渠道难，费用高，各类纠纷不了了之无法处理，我们公司专业解决大众常见问题，其中一项主营业务是帮助百姓解决经济压力，商谈制定新的还款方案，拉长时间，降低压力，回归正常生活，以及其他各类经济问题，钱花了事没办成的纠纷问题，各类法律咨询，案件指导
要求
年龄：30-45，男女不限
经验不限，有培训帮带，有销售经验创业经验的上手更快，收入多元化
与其选择迷茫虚度光阴，不如给自己一个机会了解新兴行业
欢迎各界销售精英，传统老板跨界了解",66,2025-10-09 09:41:21
3日内活跃,主播,3-8K,3000,8000,经验不限,不包含Java,https://www.zhipin.com/job_detail/39099fc436a0cffd03J-09q8ElFU.html,高中,宜昌,宜昌市楼镜传媒,0-20人,广告营销,福利信息未提供,抖音,"岗位职责：
1、负责在抖音等平台直播、产品讲解
2、不断优化直播技巧，(引导粉丝留电话即可)
3、维护直播间粉丝，应对粉丝的提问，与粉丝积极互动，引导新粉关注
4、直播期间，调动粉丝情绪，增加粉丝的活跃度，引导粉丝多互动
5、短视频按模版日更一条
任职要求
1、有丰富的直播经验最好，男女不限，可不露脸直播
2、熟悉抖音平台
3、亲和力强
4、普通话好，有良好的表达能力和临场反应能力
5、全职
待遇
1、试用期7天，有本地直播大V一对一直播陪跑，做不做的出来看你自己 
2、五险一金
3、国内外年度旅游
4、底薪3K-5K+提成，不是带货直播，提成非带货销售，有后端销售人员负责转化，成交一单提成 2K左右！月薪过万还是过几万全看自己的直播能力，后端销售团队宜昌同城NO.1",67,2025-10-09 09:41:22
3日内活跃,【减肥项目0投资】拓客创业合伙人,5-10K,5000,10000,1-3年,不包含Java,https://www.zhipin.com/job_detail/4b51ad9f30af785a03x62di6GFBW.html,大专,宜昌,宜昌西陵肥胖健康...,20-99人,保健/养生,福利信息未提供,职位要求技能未提供,"只要你敢陌拜，就能把每次拜访变成每月5-15W的长期饭票！

【我们在找谁】  
1. 擅长线下地推、商圈扫街、社区陌拜、健身房/美容院/写字楼/夜市摆摊；  
2. 不怕开口，日均能聊30-50人，把减肥的体验方式送出去就能赚钱；  
3. 想凭真本事闯一番事业，缺好品牌、缺后端、缺稳定供应链的人。

【我们提供什么】  
1、全球45年历史、纽交所上市、代餐销量TOP1品牌官方授权；  
2、20年专业体重管理团队+营养师，后端锁客、复购、售后一条龙，你只管前端；  
3、独家「线下地推SOP+话术+物料包」：展架、试穿码表、体验装、收款码，拎包就能干；  
4、自有线下服务中心+培训基地，免费给你做线下沙龙、集中成交；  
5、实时分润App，每成交一单立刻弹窗到账，透明无账期。

【合作收益】  
1. 日结提成：即时分润，T+1到账；  
2. 月结管道：客户后续复购，你永久拿被动分成，真正的“睡后收入”；  
3. 团队放大：招募1个地推队友，享其业绩管理奖，无限代差；  
4. 年终分红：年度KPI考核通过，公司利润分红+海外年会。

【你需要做什么】  
① 按我们划好的商圈/写字楼/社区，每天把体验装送到精准客户手里；  
② 引导扫码进群，剩下的成交、锁客、复购我们全部搞定；  
③ 晚上10点前在App上传当日照片+数据，系统自动算钱。

【加入流程】  
BOSS投递简历→10分钟线上沟通→领取地推物料包→试岗1天（真实结算）→签约→正式开工。

不怕你话多，就怕你不敢开口！想凭汗水换长期收益，立刻点击“立即沟通”，城市空白区域先到先得！",68,2025-10-09 09:41:24
半年前活跃,web前端,6-8K,6000,8000,1-3年,包含其他关键词,https://www.zhipin.com/job_detail/14fc1fe24040a11733dz3di8EVo~.html,大专,宜昌,吉分豆豆,0-20人,计算机软件,福利信息未提供,"移动端, PC端","工作内容：
1、负责PC端及App端的前端开发工作；
2、与后端开发人员紧密配合，准时、高质量地完成软件设计开发；
3、分析项目需求，能给出良好的解决方案，并能积极主动协助其他相关人员完开发及调试工作。
岗位要求：
1.大专及以上学历，熟悉前端开发；
2.有相关工作经验者优先；
3.计算机、网络工程、电子信息等专业优先；",69,2025-10-09 09:41:25
本月活跃,后端开发工程师,5-10K,5000,10000,1-3年,BOSS活跃,https://www.zhipin.com/job_detail/58a8b185ab3e06861Xx-3du1FlFY.html,本科,宜昌,小悦科技,0-20人,互联网,福利信息未提供,"Java, Java开发经验","工作职责 ：
1、参与项目系统的需求分析和设计，完成相关需求代码开发、调试，自测工作；
 2、进行软件详细设计和编码实现，确保安全、质量和性能； 
3、维护和升级现有软件产品，快速定位并修复现有软件缺陷；
 4、配合项目需求完成相关任务目标。
任职要求: 
1、本科及以上学历，计算机相关专业；3-5年的java软件开发经验；
 2、精通java语言，熟悉多线程，缓存，并发等技术方案，能独立完成单独需求的详细的设计和开发；
 3、熟悉SpringCloud，mybatis，Dubbo，redis，zk等开源框架；熟悉关系型数据库(mysql/oracle/postgresql/tidb)使用、设计； 
4、良好的编程习惯，思路清晰，责任心强，积极主动，对技术要有激情，学习能力强，良好的沟通表达能力和团队协作能力； 
5、熟悉微信、企业微信、钉钉等接入； 
6、有SAAS软件开发经验优先；",70,2025-10-09 09:41:26
半年前活跃,咨询经理,8-13K,8000,13000,经验不限,不包含Java,https://www.zhipin.com/job_detail/71a77ae3c8f9381503Rz3di6EVdQ.html,学历不限,宜昌,宜昌龙猫科技咨询,0-20人,咨询,福利信息未提供,职位要求技能未提供,"业务范围
为后端法律、法务部门宣传业务，接各类纠纷案件，当下普通人寻求法律援助渠道难，费用高，各类纠纷不了了之无法处理，我们公司专业解决大众常见问题，其中一项主营业务是帮助百姓解决经济压力，商谈制定新的还款方案，拉长时间，降低压力，回归正常生活，以及其他各类经济问题，钱花了事没办成的纠纷问题，各类法律咨询，案件指导
要求
年龄：30-45，男女不限
经验不限，有培训帮带，有销售经验创业经验的上手更快，收入多元化
与其选择迷茫虚度光阴，不如给自己一个机会了解新兴行业
欢迎各界销售精英，传统老板跨界了解",71,2025-10-09 09:41:27
刚刚活跃,测试工程师,5-7K,5000,7000,1-3年,包含其他关键词,https://www.zhipin.com/job_detail/0db5bbc0a197470a03x729y_FlNT.html,大专,宜昌,北京易路通必达科技,0-20人,互联网,福利信息未提供,"Java, 自动化测试, RF, Jmeter, 计算机相关专业, Python","岗位职责：
1.负责项目测试、自动化测试工作实施、测试技术研究；
2.根据公司产品研发方向，指导与协助测试工程师/测试助理工程师不断更新、维护测试平台；
3.参与并指导测试成员进行测试分析、用例设计、测试执行，定期汇报项目进展情况；
4.编写及维护测试用例，编写测试报告和对测试结果分析；
5.在测试过程中，做好与相关部门的信息沟通工作，保证整个项目的顺利进行，并及时解决突发事件；
6.模拟客户反馈Bug，总结、维护测试用例。
任职要求：
1.计算机软件相关专业毕业；
2.有测试经验，熟悉 Python、Java编程语言；
3.具备软件测试理论、数据库、Linux系统及计算机网络等相关技术知识与技能；
4.熟悉测试流程与测试技术，具备独立完成测试任务的能力；
5.能够承受工作压力，追求完美，有创新和合作精神；
6.工作细心、认真、责任心强，具有良好的团队协作精神；
7.具有较强的逻辑分析能力和学习能力，熟悉软件测试相关工具（QTP、RF、Postman、Jmeter等）优先。",72,2025-10-09 09:45:39
今日活跃,机器人编程老师,5-10K,5000,10000,经验不限,包含其他关键词,https://www.zhipin.com/job_detail/09069c964894775b03J70t67GFJU.html,学历不限,宜昌,迈思国际教育,20-99人,培训/辅导机构,福利信息未提供,全职兼职均可,"要求：1.学历：计算机/机械工程/教育技术等相关专业本科
2.证书：- 教师资格证（信息技术/通用技术类）
             - 机器人技术等级考试考官资格（CCF/YCL等）
3.年龄：23-40岁（竞赛导师可放宽至45岁）
4.技能要求：LEGO SPIKE/EV3、Makeblock、 VEX/V5、Arduino、ROS基础 、Scratch/Python基础、C++、Java竞赛算法 、熟悉FLL/WRO规则、精通FRC/ICRA赛事技术要点、掌握Mixly、mBlock等可视化工具、能开发自定义教学插件
     5.核心要求：- 具备跨学科整合能力（物理+数学+编程）
- 掌握PBL项目式教学方法
- 有机器人竞赛获奖/带队经历（省市级以上）",73,2025-10-09 09:45:40
2周内活跃,初级java开发工程师,4-6K,4000,6000,经验不限,BOSS活跃,https://www.zhipin.com/job_detail/5dad1c856271559603J72Ni6E1VR.html,学历不限,宜昌,泽良,0-20人,计算机软件,福利信息未提供,"Java, Spring, SpringCloud, Spark, 架构设计经验, 物联网经验, 大数据经验","工程师职位详情
1. 熟练使用java语言;
2. 熟练使用spring boot、spring cloud等;
3. 有良好的前后端对接经验;
4. 会原生JavaScript代码，了解JS性能，了解ES6;
5. 有html/js/css基础;
6. 1年以上工作经验;
7. 能够独立完成项目（优先);
8. 会编写vue、小程序、html5移动端（优先）;
9. 会使用linux系统搭建服务器环境（优先）;
10.对新技术有强烈的探索欲望，对专业有一定的追求,性格开朗阳光，具有良好的交流能力,工作负责；
11.对用户体验、交互操作流程及用户需求有理解，懂跨域交互，熟悉主流开放平台优先；
",74,2025-10-09 09:45:41
本周活跃,java初级开发工程师,4-6K,4000,6000,1-3年,BOSS活跃,https://www.zhipin.com/job_detail/29915e4c73bd58cc03x62tS6F1tS.html,本科,宜昌,宜昌市伍家岗区零...,0-20人,培训/辅导机构,福利信息未提供,"Golang, Java, C++, Hibernate, C, SpringCloud, MySQL, MyBatis, Spring, Python","岗位职责：
1. 参与Java应用的开发与维护，确保代码质量和项目按时交付；
2. 协助完成软件的设计、编码、测试及文档编写工作；
3. 与团队合作解决开发过程中的技术难题，持续优化系统性能；
4. 根据需求进行新技术的调研与引入，提升团队技术水平。

任职要求：
1. 计算机相关专业背景，对Java开发有浓厚兴趣；
2. 熟悉Java编程，了解面向对象设计原则，能够编写清晰、可维护的代码；
3. 掌握基本的数据库操作，具备SQL编写能力；
4. 具备良好的逻辑思维能力和团队合作精神，有较强的学习能力；
5. 有责任心，能够在压力下保持高效工作。",75,2025-10-09 09:45:43
,Java(武汉岗位  银行项目),8-12K,8000,12000,1-3年,BOSS活跃,https://www.zhipin.com/job_detail/ba158ccbb57272ea03R739i8FFFV.html,本科,宜昌,长亮科技,1000-9999人,计算机软件,福利信息未提供,"Java, 不接受居家办公, 分布式经验, SpringCloud, MySQL","1、熟悉微服务架构，对spring boot，spring cloud框架有较为丰富的开发经验，对spring的源码有一定研究；
2、Java基础扎实，熟悉JVM，熟悉常用的设计模式，熟练掌握并发编程；
3、熟悉分布式架构，包括分库分表、读写分离、分布式事务等，了解分布式一致性常见算法；
4、熟悉MySQL，有数据库的设计经验，对数据库索引、事务、锁机制比较了解；
5、1-3年以上工作经验；
6、全日制本科及以上学历，计算机、通信或电子类相关专业。",76,2025-10-09 09:45:44
2月内活跃,Java开发工程师,6-11K,6000,11000,1-3年,BOSS活跃,https://www.zhipin.com/job_detail/09efa2658a50c4dd1nV90tW4FVZX.html,大专,宜昌,湖北远邦信息,20-99人,计算机软件,福利信息未提供,"MVC开发, Spring, MySQL, 软件工程师, ERP, Redis, Oracle","1、Java基础扎实，熟悉io、多线程、集合等基础
2、熟悉SpringBoot、Mybatis，对于MVC架构有足够的理解和执行力，熟悉RESTful接口风格
3、熟悉Shiro或Spring security安全框架
4、熟悉Oracle,MySql,Redis数据库
5、良好的代码风格和代码注释习惯，了解《阿里巴巴JAVA开发手册》内的规范和准则
6、踏实肯学，乐于交流，对于自己不熟悉的技术抱有好奇心，有一定抗压能力
7、熟悉前端，尤其是Vue的优先
8、熟悉activiti流程引擎开发和拓展的优先
9、在Github有自己开源项目的优先",77,2025-10-09 09:45:45
刚刚活跃,内容审核【计算机专业】接受小白,3-4K,3000,4000,经验不限,不包含Java,https://www.zhipin.com/job_detail/dffa6130c112488e03N70928GFRS.html,大专,宜昌,博彦科技,10000人以上,计算机软件,福利信息未提供,"熟练使用SQL, 审核数据整理","不接打电话，无销售性质，带薪培训，入职缴纳五险一金，免费体检，没有食宿
岗位职责
1、根据给定的判断规则，负责异常case的分析定性

职位描述
1. 有较为敏锐的安全思维，熟悉常见安全攻防技术，并能够提出有效的解决方案。
2. 熟悉数据分析的基本方法和工具，有数据感知能力，有数据驱动工作的思维。
3. 学习能力强，对新事物保有好奇心，并能快速适应新工具或上手新的技术领域。
4. 良好的逻辑思维和团队合作能力，工作态度积极向上。
5、熟练使用SQL/Hive/python/java语言，熟悉分类、聚类和异常检测等常用的机器学习模型。

工作时间：两个班次，9-6，12-21，每周双休
底薪3000+绩效300",78,2025-10-09 09:45:46
2月内活跃,软件测试工程师,4-8K·13薪,4000,8000,1-3年,包含其他关键词,https://www.zhipin.com/job_detail/acbe88c26a923a9a1XN70ti4EVtU.html,本科,宜昌,湖北智政,20-99人,计算机软件,福利信息未提供,"测试工作经验, 自动化测试, 性能测试, 功能测试, LoadRunner, 计算机相关专业, JMeter","岗位职责：
 1、理解产品需求、制定测试方案、编写测试计划、测试用例、测试报告、以及测试项目的执行；
2、负责IT项目的功能测试、性能测试、回归测试，保证BUG及时有效发现及解决；
3、发现并协助定位问题，对问题进行跟踪，推动问题及时合理地解决；
4、跟踪测试技术的发展方向，解决测试难题；
任职要求：
1、本科以上学历，计算机相关专业毕业；
2、熟悉一些java、H5等语言者优先；
3、有较强的业务理解能力，能够独立承担系统的测试工作，工作认真细致，有良好的沟通协调能力，善于和团队成员沟通并解决问题；
4、喜欢测试工作，能够承受一定工作强度。",79,2025-10-09 09:45:48
今日活跃,前端技术,3-6K,3000,6000,经验不限,包含其他关键词,https://www.zhipin.com/job_detail/78f611121610c2d603Vy3Nu0FlFR.html,大专,宜昌,宜昌全点网络技术,0-20人,互联网,福利信息未提供,"CSS, HTML5, 计算机/软件工程相关专业","岗位要求：
1、大专以上学历，美术、设计或计算机类相关专业优先；；
2、一年以上相关工作经验；
3、熟练html5等前端HTML代码 ；
4、熟悉XML/Java script/CSS等网页语言；
5、熟悉网站前后台架构及管理维护；
6、有良好的团队合作意识，耐心、诚恳，有强烈的责任心和积极主动的工作态度。


岗位职责：
1、辅助客户网站建设和修改常见的页面的前端小错误；
2、负责协助客户网站的素材替换和文字等样式排版；
3、解决客户在网站建设或者在推广过程中遇到的问题，或者是客户的投诉等；
4、提供网站建设和推广的售后服务工作，能很好的提升客户的评价和体验
5、完成领导布置的其他相关工作。
工作时间：8：30-5：30 单双休，国家法定节假日正常休息。
福利待遇：入职满一年即可享受年假等。


薪资结构:
1、底薪+绩效奖励,综合薪资？3K-6K
2、缴纳社保;
2、节假日福利、年终福利、年假等等。",80,2025-10-09 09:45:49
半年前活跃,Java开发工程师,6-10K,6000,10000,1-3年,BOSS活跃,https://www.zhipin.com/job_detail/890d31c6921817011XV53920E1JZ.html,大专,宜昌,湖北随联,20-99人,计算机软件,福利信息未提供,"MVC开发, 多线程, Spring, GIT, MySQL, Redis","1、Java基础扎实，熟悉io、多线程、集合等基础

2、熟悉SpringBoot、Mybatis，对于MVC架构有足够的理解和执行力，熟悉RESTful接口风格

3、熟悉Shiro或Spring security安全框架

4、熟悉Oracle,MySql,Redis数据库

5、良好的代码风格和代码注释习惯，了解《阿里巴巴JAVA开发手册》内的规范和准则

6、踏实肯学，乐于交流，对于自己不熟悉的技术抱有好奇心，有一定抗压能力

7、熟悉前端，尤其是Vue的优先

8、熟悉activiti流程引擎开发和拓展的优先

9、在Github有自己开源项目的优先",81,2025-10-09 09:45:50
半年前活跃,Java开发工程师,6-9K,6000,9000,1-3年,BOSS活跃,https://www.zhipin.com/job_detail/22339de72e2cf3131XV639u7GVBS.html,大专,宜昌,汇点云联,0-20人,计算机软件,福利信息未提供,"MVC开发, 分布式技术, SpringBoot, Spring, JAVA","岗位职责：
1、承担公司软件产品和平台系统开发
2、负责对系统软件架构、系统分层、关键构件、接口的设计
3、负责及时指导、处理、协调和解决开发过程中出现的技术问题
4、协调团队完成领导安排的其它工作
任职资格：
1、2年以上java项目开发经验；
2、扎实的Java基础，良好的编码习惯，理解io、多线程、集合等基础框架，熟悉JVM调优；
3、精通SpringMVC/SpringBoot/SpringCloud等微服务框架；
4、了解前端layui,jquery,css,jsp,vue；了解微信小程序框架；
5、熟悉底层中间件、分布式技术（包括缓存、消息系统、热部署、JMX等）；
6、熟悉主流结构化数据库和MYSQL 数据库；
7、有强烈的求知欲，优秀的自我学习能力，熟悉流行的开源项目；
8、工作积极主动，具有强烈的责任心、事业心，具有良好的沟通能力、团队配合精神；",82,2025-10-09 09:45:51
刚刚活跃,项目实施工程师,5-10K,5000,10000,1-3年,包含其他关键词,https://www.zhipin.com/job_detail/fb188143064b6a9a03x43d-_GFpZ.html,本科,宜昌,契约锁,500-999人,互联网,福利信息未提供,职位要求技能未提供,"岗位职责：
1、负责软件项目实施工作，参与需求调研、项目计划制定、配置系统、用户培训、实施上线等实施服务；
2、解决项目实施中遇到的问题，确保项目成功交付上线；
3、妥善处理软件实施中突发事件，维护客户关系，持续提高客户满意度；
4、收集客户问题反馈，形成产品建议，完善公司产品。
任职要求：
1、本科及以上学历，1—3年软件项目实施工作经验；
2、熟悉Linux操作系统和SQL数据库，了解JAVA或C++或.NET其中一种语言；
3、逻辑思路清晰，具备良好的需求调研和产品使用培训能力；
4、具有良好的沟通能力和执行能力，团队合作意识强。",83,2025-10-09 09:45:53
半年前活跃,Java软件开发工程师,7-8K,7000,8000,1-3年,BOSS活跃,https://www.zhipin.com/job_detail/baa0f270991711ed1XZ639q9FVdQ.html,大专,宜昌,湖北恒阅,0-20人,互联网,福利信息未提供,"Dubbo, PostgreSQL, Oracle, Redis","工作职责
1、参与项目系统的需求分析和设计，完成相关需求代码开发、调试，自测工作；
2、进行软件详细设计和编码实现，确保安全、质量和性能；
3、维护和升级现有软件产品，快速定位并修复现有软件缺陷；
4、配合项目需求完成相关任务目标。
任职要求
1、本科及以上学历，计算机相关专业；3-5年的java软件开发经验；
2、精通java语言，熟悉多线程，缓存，并发等技术方案，能独立完成单独需求的详细的设计和开发；
3、熟悉SpringCloud，mybatis，Dubbo，redis，zk等开源框架；熟悉关系型数据库(oracle/postgresql/tidb)使用、设计；
4、良好的编程习惯，思路清晰，责任心强，积极主动，对技术要有激情，学习能力强，良好的沟通表达能力和团队协作能力；
5、有企业微信开发经验优先；
6、有SAAS软件开发经验优先；

有意者请将个人附件简历发送至本平台，不接受私聊，查看后再回复您结果。",84,2025-10-09 09:45:54
刚刚活跃,实施工程师,4-5K,4000,5000,经验不限,包含其他关键词,https://www.zhipin.com/job_detail/0814421aea2820e01Hx90tq5GFpY.html,大专,宜昌,云璟科技,0-20人,智能硬件/消费电子,福利信息未提供,计算机相关专业,"工作内容
1、负责计算机系统的实施与部署，确保项目按时交付。
2、参与系统设计，包括功能设计和数据库设计，以满足业务需求。
3、与团队合作，快速定位并解决技术问题，保障系统稳定运行。

任职要求
1、具备扎实的Java编程能力，熟悉Spring等主流框架。
2、熟练使用MySQL和Oracle数据库，具备良好的SQL知识。
3、具有良好的团队合作精神，能够有效沟通，具备责任心。",85,2025-10-09 09:45:55
刚刚活跃,软件开发工程师,6-11K,6000,11000,1-3年,不包含Java,https://www.zhipin.com/job_detail/61b2a7c61a2cf8331XZ90ty1F1ZV.html,学历不限,宜昌,瑞杰衡器,20-99人,计算机软件,福利信息未提供,"C#, SQL, SERVER, 软件开发, 后端开发, 软件研发","岗位职责：
1.参与软件项目开发，设计及维护工作。
2.根据用户需求完成软件开发，对现有项目进行维护与优化工作。

任职要求：
1.1年以上开发经验。
2.具有面向对象分析，设计，开发能力。
3.精通C#，熟练掌握WinForm/WPF开发相关技能。
4.具有良好的逻辑思维能力，熟悉业务抽象和数据模型设计，具有分析问题和解决问题的能力，对解决具有挑战性问题充满激情。
5.熟悉SQL，Server数据库的设计开发。
6.同时掌握Java、C#开发者优先。",86,2025-10-09 09:45:56
今日活跃,AI视觉识别工程师,9-13K·13薪,9000,13000,1-3年,包含其他关键词,https://www.zhipin.com/job_detail/8209d12cc873317b1Xd-09W1FlJT.html,本科,宜昌,传感物联研究院,20-99人,仪器仪表/工业自动化,福利信息未提供,"C++, 算法设计, 自然语言处理, 深度学习算法, 机器学习算法, 视觉图像算法, 推荐算法, 图像处理","岗位职责：
1、从事自然语言理解.OCR.图像处理.推荐系统.机器学习与模式识别等人工智能相关的算法设计和研发工作
2、参与OCR.自动摘要.信息抽取.知识图谱.信息流推荐等相关产品的研发，优化和升级工作
3、参与人工智能相关的业务系统设计.开发.集成等工作
4、优化已有算法和系统或者为解决实际问题而进行算法研究
5、跟进人工智能的前沿进展，将其工程化应用到公司相关产品和系统上，实现效果.性能等各方面的优化

职位要求：
1、计算机.数学.统计学.物理学等相关理工科专业，本科及以上学历
2、有机器学习.深度学习.人工智能等方面的实战经验。
3、熟悉常用的编程语言（如pyhton.java.C/C++等），有扎实的编程能力，熟悉常用数据结构，算法，具有良好的编程风格，有tenorflow和/或pytorch的开发经验者优先，有NLP.OCR.CV.计算机图形学.推荐系统等方面的工作经验者优先。
4、工作严谨细致，有较强责任心，有很强的项目时间观念，具备团队合作精神。
5、能满足因工作出差的要求。",87,2025-10-09 09:45:58
刚刚活跃,运维工程师,10-11K,10000,11000,经验不限,包含其他关键词,https://www.zhipin.com/job_detail/b3619f6ca34a150b1Hx73d-6ElZX.html,本科,宜昌,润和软件,10000人以上,互联网,福利信息未提供,"Docker, 运维经验, Kubernetes","岗位描述
1、学历&工作年限要求：
本科及以上学历（学信网可查），工作一年以上。
或
专科及以上学历（学信网可查），工作三年以上。
2、素质要求：良好的客户沟通能力，清晰的逻辑思维，责任心强，较强的学习能力和执行力，具有团队合作精神，良好的文档写作能力
3、任职资质：
1）运维、开发等岗位经历
2）熟悉Java/C/C++、Python/Shell/PHP、Oracle/DB2/MySQL、Linux、docker、K8S
3）具备ACA、RHCE相应证书
4、能力要求：
1）较为熟练掌握云集群各运维平台的使用方法；
2）较为熟练掌握各产品资源、帐号的开通方法；
3）较为熟练掌握云产品四大件的使用方法；
4）较为熟练掌握各监控平台的使用方法；
5）清楚工单提交流程，故障通报流程；
6）熟练掌握docker命令；
7）熟练掌握常用linux命令，会简单的mysql查询语句。
8）有基础大数据平台运维、管理、实施等相关工作经验，具备一定集群调优和trouble shooting能力；JAVA应用运维、管理能力或者中间件集群redis、zk、es、elk、jenkins、ducter、gitlab、mvn等部署维护能力
工作职责
作为阿里云智能在客户侧的技术服务界面，提供阿里云智能产品运维与支持服务，为客户业务用云稳定性负责，同时帮助客户提升云产品运维技能。在客户遇到疑难问题或风险故障时结合业务场景快定位用户技术问题解决；稳定性保障，提前发现并治理用户云上稳定性问题，提供最佳实践，容量评估，活动护航等增值服务保障客户重要项目稳定运行；
混合云岗位职责：
1、客户现场的阿里云运维支持；
2、云平台健康检查；
3、云平台日常问题处理；
4、云平台容量评估；
5、云平台变更支持；
6、与用户的技术交流；
7、客户现场工作总结，定期汇报；
8、对于现场的子项目，跟踪项目进展，解决项目问题，确保项目按时保质交付的能力；
9、根据现场的实际情况，提供架构优化建议；
10、熟悉Linux、Doker、mysql，能对系统的基本问题进行分析、解决",88,2025-10-09 09:45:59
刚刚活跃,运维开发工程师,7-10K·13薪,7000,10000,1-3年,包含其他关键词,https://www.zhipin.com/job_detail/18db751118245c5b03Nz3NW5E1BR.html,本科,宜昌,顺亿科技,20-99人,电力/热力/燃气/水利,福利信息未提供,"Java, MySQL, 计算机相关专业","职位描述
学历：本科及以上学历。
专业：计算机类、水文水资源相关专业。
工作经验：类似行业2年以上
其他:
1） 有Java开发经验优先
2） 熟悉Linux操作系统，具备常见故障的诊断、分析;
3） 熟悉掌握Tomcat、Apache、Weblogic、 WebSphere、Nginx等中间件使用及部署;
4） 熟悉主流的数据库（ORACLE、SQLServer、MySQL、DM等），掌握数据库操作方法;
5） 具备良好的文档编写习惯和代码书写规范;具备良好的学习能力、沟通能力、分析及解决问题能力，优秀的团队协作精神。
6） 有优秀的学习能力，善于沟通，有强烈的责任感和严谨的工作态度。
7） 品行端正，形象良好，身体健康，无不良记录，普通话标准，语言流利。

9） 中共党员、学生干部（学院级以上学生干部或社团主要负责人）、有文体特长者优先。",89,2025-10-09 09:46:00
今日活跃,计算机专业老师,4-8K,4000,8000,1-3年,包含其他关键词,https://www.zhipin.com/job_detail/eba925cbdcc27c7c1XNy3Nu_GVVS.html,本科,宜昌,宜昌科谷技工学校,1000-9999人,学校/学历教育,福利信息未提供,"私立学校, 中学生, 线上教育","岗位职责：
1.积极参与计算机专业基础课程体系构建工作，负责学校课程有效开展，独立组织授课；
2.负责教学备课教案编写；
3.有良好的敬业精神与学习能力，有责任感，开朗乐观；
4.热爱教育工作，富有热情，有建好的组织协调和沟通能力；
5.完成校区领导交代的其他工作。

任职要求：
1.普通高等教育计算机科学与技术类别本科及以上学历；
2.能胜任代课：网页设计、java、计算机基础课程、C语言中职教学内容等；
3.熟悉电脑室的整体操作，正确使用有关电器设备和仪器，妥善保管机房设备，定期检查，并做好设备维护工作；
4.及时处理主干线路和交换设备的故障，及时排除各种计算机故障，保证正常教学秩序。

工作时间与薪酬福利：
1.工作时间：8：20—17：30，法定节假日正常休息；
2.学校提供住宿，水电费自理；
3.购买五险一金，按照薪酬职级享受相应的补贴；
4.拥有享受学习完善的讲师培训与晋升计划，参与公平、公正的晋升，老师有极大的成长空间和发展前景；
5.传统佳节发放红包或礼品；
6.定期团建活动，举报各种丰富多彩的活动，丰富教职工的业务生活",90,2025-10-09 09:46:02
半年前活跃,技术编码员,6-7K,6000,7000,1-3年,不包含Java,https://www.zhipin.com/job_detail/9f25cd675e823ca60nd60tW7Flc~.html,大专,宜昌,富程智德,0-20人,咨询,福利信息未提供,Java,工资面谈，工作职责: 1、基于海量数据的WEB应用研发； 2、数据可视化设计与实现； 3、根据业务需求和开发规范独立完成设计、编码、测试，以及相关文档的编写。  任职资格: 1、大专及以上学历，计算机等相关专业毕业； 2、2年及以上JAVA开发相关经验； 3、熟练掌握 HTMLCSSJavaScript，能够独立编写体验良好的的WEB应用； 4、熟悉主流开源 NoSQL 产品、分布式存储与计算平台； 5、熟悉 SpringMyBatis 等JAVA开发框架，了解主流开源 NoSQL 产品； 6、学习能力强、团队协作、踏实稳重、吃苦耐劳。能与客户进行良好沟通，能够高质量完成需求调研工作,91,2025-10-09 09:46:03
本周活跃,计算机专业,6-10K,6000,10000,1-3年,不包含Java,https://www.zhipin.com/job_detail/59e221b92c13f5a41H172NW1E1VZ.html,本科,宜昌,湖北省宜人信息科技,0-20人,物联网,福利信息未提供,"Java, 物联网经验, C++, C, 分布式经验, SpringCloud, Spring, 微服务经验, MySQL, 云计算经验, MongoDB, 架构设计经验, Oracle","工作内容
1、负责计算机技术支持，确保系统稳定运行。
2、参与系统模块的开发，保证代码质量和模块功能。
3、与团队合作，完成模块测试并协助解决技术问题。

任职要求
1、具备扎实的Java编程能力，熟悉Spring等框架。
2、熟练使用MySQL和Oracle数据库，具备良好的SQL知识。
3、具有良好的团队合作精神和问题解决能力。",92,2025-10-09 09:46:15
本周活跃,网络程序员,6-10K,6000,10000,1年以内,不包含Java,https://www.zhipin.com/job_detail/9aef8fe31ca0e7b003Nz3Nm-EVBW.html,本科,宜昌,宜昌江鋆商贸有限公司,0-20人,其他专业服务,福利信息未提供,"微服务经验, 架构设计经验, Linux开发/部署经验, 游戏后端经验","岗位职责：
1、负责网络相关软件的编程、开发与维护，确保程序高效稳定运行；
2、参与网络系统的设计与优化，提升系统性能和安全性；
3、解决网络编程中的技术难题，提供有效的解决方案；
4、与团队合作，共同进行新技术的调研与引入；

任职要求：
1、精通至少一种编程语言，如C、C++、Java等，具备良好的编码习惯；
2、熟悉网络编程技术，了解TCP/IP协议栈及常见网络应用；
3、具有较强的逻辑思维能力和问题解决能力，能够独立承担项目开发；
4、具备良好的团队合作精神，能够有效沟通，推动项目进展。",93,2025-10-09 09:46:16
半年前活跃,烫染师助理,4-5K,4000,5000,1-3年,不包含Java,https://www.zhipin.com/job_detail/bebc24eb3773f8b41HZ_0t-7GFZV.html,学历不限,宜昌,伍家岗也是美容美发店,0-20人,美容/美发,福利信息未提供,包吃,"有无工作经验生熟手均可
【招聘】技术类岗位的职责与要求

作为一名技术人员，您将负责以下工作：

1. 设计和开发高质量的软件产品；
2. 与团队成员合作完成项目任务并按时交付成果；
3. 研究新技术并将其应用到现有系统中。

此外，我们还需要您的技能和能力如下：

1. 精通至少一门编程语言（如Java、Python等）；
2. 对数据结构和算法有深入了解；
3. 有良好的沟通能力和解决问题的能力。
 
如果您满足以上条件并且渴望成为一位优秀的技术人员，请加入我们的团队！",94,2025-10-09 09:46:18
半年前活跃,JAVA开发工程师,5-10K,5000,10000,1-3年,BOSS活跃,https://www.zhipin.com/job_detail/efaa79cbaeef4dc61nRz0t2_FFdT.html,本科,宜昌,青木科技,20-99人,移动互联网,福利信息未提供,"Java, Shell, PHP, 服务器配置, Web端, 移动端, 小程序, Android","职位描述：
1. 能够独立按产品需求进行技术方案设计，撰写系统设计技术文档；
2. 能独立完成系统框架和核心代码的实现，确保安全、质量和性能；
3. 能独立搭建系统开发环境，完成系统开发、测试、部署和集成；
4. 在负责的业务上有独立的见解和思考，对业务产品具有独立沟通、完善业务需求，并识别方案风险的能力；
5. 具有持续优化、追求卓越的激情和能力，能持续关注和学习相关领域的知识，并能使用到工作当中。
职位要求：
1. 3年以上Java开发经验，Java基础扎实。对各种开源框架如Spring、Mybatis等有深入的了解；
2. 具备mysql或oracle数据库使用经验，以及分布式web系统应用设计和开发经验；
3. 熟练掌握linux/unix操作系统，对常用命令运用娴熟，能够根据实际需要快速编写shell脚本；
4. 具有较强的表达和沟通能力和团队协作精神，个性乐观开朗；工作认真、严谨、敬业，有较高的代码质量要求意识；
5. 具备大型电商，游戏网站，带过团队的优先考虑。",95,2025-10-09 09:46:19
近半年活跃,初级java开发工程师,4-6K,4000,6000,1-3年,BOSS活跃,https://www.zhipin.com/job_detail/2e385831f8622f121XB92d-0EFtQ.html,大专,宜昌,湖北元世界科技,0-20人,计算机软件,福利信息未提供,"Java, Spring, JavaScript","岗位职责
1、按照业务需求，负责平台或业务系统的设计、维护，以及代码开发工作。
2、负责项目功能开发、系统优化；协助解决项目开发过程中的技术难题。
3、根据开发计划，按时保质保量完成公司交予的任务。
4、维护项目平台系统正常运营。

任职要求：
1、软件类相关专业，1年以上全职Java Web 项目开发工作经验。
2、java基础知识扎实,精通多线程编程,具有良好的编码习惯,对软件工程的标准开发流程有一定的理解和经验，具有独立开发和解决问题的能力。
3、熟练使用maven、svn或git工具、熟悉spring boot框架，熟悉Spring对其他框架的整合。
4、熟练使用MyBatis ORM框架,熟悉数据库连接池，熟悉MyBatis的核心API，对MyBatis的关联映射、继承映射、组件映射、缓存机制、事务管理以及性能调优等有深入的理解。
5、熟悉MySQL/Sql Server 数据库中的存储过程、索引等功能，熟悉表结构设计的原则。
6、熟练使用redis开源缓存存储方式、消息队列，了解其实现原理。
7、工作认真负责，具有较强的责任心，有较强的学习意愿，沟通良好，能适应较强压力。",96,2025-10-09 09:46:20
2周内活跃,软件开发工程师,5-8K,5000,8000,1-3年,不包含Java,https://www.zhipin.com/job_detail/4422cff652f3519f1nVz2Nq5FVBY.html,大专,宜昌,chenyon,0-20人,计算机软件,福利信息未提供,"SQL, CSS, MVC开发, Spring, Hibernate, MySQL, Oracle, SQL Server","职责描述： 
1.负责公司项目客户化开发业务需求的设计及实现工作
2.根据公司业务要求完成产品改造代码编写及软件研发工作
3.依据详细设计，使用专业的工具、技术方法，独立进行软件代码开发
4.负责技术文件的整理，形成功能设计文档
5.管理客户化开发项目（开发需求设计，进度、质量管控）
 
任职要求： 
1.专科及以上学历，计算机相关专业毕业，特别优秀的专科学历也可以
2.拥有2年及以上Java和Web开发经验，了解Java设计和开发流程；扎实的Java基础、良好的编码规范。 
3.熟练使用HTML、JavaScript、CSS，了解HTTP协议
4.熟悉WebService和REST接口规范
5.熟悉数据库SQL语言，够使用SpringMVC、Spring、Hibernate等主流开发框架，
有Oracle、SqlServer,MySQL等主流数据库的相关开发经验
6.富有进取精神及团队合作精神，良好的沟通能力能够承受压力，责任心强，善于合作沟通
7.具有OA或者ERP开发经验者优先，有项目群开发管理经验优先",97,2025-10-09 09:46:21
本周活跃,软件工程师,6-10K,6000,10000,1-3年,不包含Java,https://www.zhipin.com/job_detail/0db31734e34d93391XZy0966FFtT.html,本科,宜昌,宜都两江明珠置业公司,0-20人,房地产开发经营,福利信息未提供,"Java, C++, Kotlin, Hybrid开发, 音视频编解码, 网络爬虫技术, 嵌入式技术, 搜索引擎技术","职位要求
1. 参与软件项目开发，设计及维护工作
2.根据用户需要完成软件开发，对现有的网站进行维护与优化工作

任职要求
1.精通java、.NET开发开发语言，能够独立负责相关开发任务
2.熟练运用数据库(oracle,MySQL等)
3.有相关开发框架的使用经验最佳，并能够在工作中运用
4.有实际项目操作经验，能较快上手开发工作
5.有较强的学习意愿和责任心，流畅的沟通能力
6.具有面向对象分析，设计，开发能力

工作地点目前在宜都，接受远程工作。",98,2025-10-09 09:46:23
半年前活跃,软件开发工程师,6-11K,6000,11000,1-3年,不包含Java,https://www.zhipin.com/job_detail/e26e2b62fc81f49d3nFy3N-6EFI~.html,大专,宜昌,宜昌雄大软件开发...,0-20人,计算机软件,福利信息未提供,"MySQL, Java, Visual Studio, Windows, Framework, SQL Server, Oracle","1.精通java、.NET开发开发语言，能够独立负责相关开发任务
2.熟练运用数据库（oracle，MySQL等）
3.有相关开发框架的使用经验最佳，并能够在工作中运用
4.有实际项目操作经验，能较快上手开发工作
5.有较强的学习意愿和责任心，流畅的沟通能力
6.我司专门面向政府行政事业单位开发专业的管理系统
工作地点目前在宜都，后期可能在宜昌市区。",99,2025-10-09 09:46:24
半年前活跃,python指导老师,5-10K,5000,10000,经验不限,包含其他关键词,https://www.zhipin.com/job_detail/acc2acaa1cf14f701HR73dy7EltV.html,本科,宜昌,宜昌斯迪姆,0-20人,学前教育,福利信息未提供,"小班教学（3-25人）, 培训机构, 线下教育, 学前儿童/小学生, 一对一教学, 特长兴趣类","岗位职责：
1、负责青少年（小学，初中）编程课程的讲授
２、对现有教案进行完善和优化；
３、负责备课、教学、课后总结，接受教学质量评估；
４、进行学生作业评价以及教学评价；
５、负责体验课的授课；
６、定期参加教学研讨、教学交流活动，反馈教学效果，优化教学内容；
７、配合公司组织的各种教学活动和市场活动。
 
任职要求：有教师资格证或教学经验优先考虑，接受23应届毕业生以及24届没课能全职实习的学生
1、 本科及以上学历；理工科、计算机、学前教育或是师范类学校，需持有教师资格证书；
2、 熟悉C++,Java,C中其中一种，具有很强的逻辑思辨能力
3、 熟悉python语言，具有pyhton开发经历优先考虑
４、了解STEAM教育，热爱教育事业，能与孩子融洽相处；
５、性格开朗、具有较强的亲和力；
６、逻辑清晰，具有较强的动手能力、学习能力和沟通能力；
７、工作认真负责，有责任心和团队意识；
８、有1年以上教学经验者优先，STEM、K12少儿教育领域工作经历者优先。",100,2025-10-09 09:46:25
半年前活跃,java工程师,4-9K·13薪,4000,9000,1-3年,BOSS活跃,https://www.zhipin.com/job_detail/ccac9524c204dfd31Hd93d25EVNR.html,本科,宜昌,宜昌优智科技有限公司,20-99人,计算机软件,福利信息未提供,"Java, 不接受居家办公, 团队管理经验, 微服务经验, SpringCloud, MySQL, MyBatis, Redis, 架构设计经验, Spring, Oracle","1）熟练掌握java语言基础知识、计算机基础知识
2）熟练掌握springMVC,springCLoudQ全家桶，消息中间件，缓存组件
3）熟练使用mysql、熟练编写优秀的sql语句
4）熟练使用 maven、svn、git等项目代码管理工具
5）有架构设计经验值优先、有智慧社区、社区团购项目经验值优先
6）有很强的业务理解能力和沟通表达能力
7）学习能力强，强烈的工作责任心，有担当工作积极主动",101,2025-10-09 09:46:27
半年前活跃,前台文员,4-5K,4000,5000,经验不限,不包含Java,https://www.zhipin.com/job_detail/ce9629bc7599219f1X1y2d-5EVtV.html,中专/中技,宜昌,同联咨询,0-20人,广告/公关/会展,福利信息未提供,Java,"气质佳，沟通能力强，执行力强
【招聘】技术类岗位的职责与要求

作为一名技术人员，您将负责以下工作：

1. 设计和开发高质量的软件产品；
2. 与团队成员合作完成项目任务并按时交付成果；
3. 研究新技术并将其应用到现有系统中。

此外，我们还需要您的技能和能力如下：

1. 精通至少一门编程语言（如Java、Python等）；
2. 对数据结构和算法有深入了解；
3. 有良好的沟通能力和解决问题的能力。
 
如果您满足以上条件并且渴望成为一位优秀的技术人员，请加入我们的团队！",102,2025-10-09 09:46:28
半年前活跃,java工程师,7-12K,7000,12000,1-3年,BOSS活跃,https://www.zhipin.com/job_detail/f934c9fb827310f31nN539-1FVVU.html,本科,宜昌,日航新能源,20-99人,石油/石化,福利信息未提供,Linux,"1、2年以上Java软件开发经验，JAVA基础良好。
2、熟悉Spring boot、Mybatis等技术框架，熟悉设计模式;
3、熟悉mysql数据库操作系统，熟练使用SQL语句；
4、熟悉Linux基本操作命令，能熟练在Linux上部署调试系统；
5、良好的代码、技术文档编写规范习惯，拥有良好的逻辑思维能力。
6、责任心强，学习能力强，有技术热情，具备良好的沟通能力和团队合作精神。",103,2025-10-09 09:46:29
半年前活跃,软件工程师,5-8K·14薪,5000,8000,经验不限,不包含Java,https://www.zhipin.com/job_detail/967cef7cac90fc171nF_0tm0EFBT.html,大专,宜昌,子非鱼信息科技,0-20人,建筑设计,福利信息未提供,"全栈开发, 客户端开发","岗位职责
1、负责公司研发项目及产品 的开发及维护；
2、参与系统开发过程，能高效的完成分配的任务； ；  
3、编写开发文档和相关技术资料；

4.与技术相关的其他事务

岗位要求
1、计算机相关专业，专科以上学历，应届生亦可；
2、至少熟悉一门主开发语言 （c# /java)；  
3、 至少熟悉一种数据库 sqlserver/oracle/mysql
4、有开发工作经验优先；
5 、有团队精神，有较好的学习能力，能承受一定的工作压力。
6.技术深度高，学习能力强，理解能力强",104,2025-10-09 09:46:31
半年前活跃,Java,7-10K,7000,10000,1-3年,BOSS活跃,https://www.zhipin.com/job_detail/0fd9f22ee27966641nN-2dS5EFtQ.html,本科,宜昌,起跑线科技,0-20人,学前教育,福利信息未提供,"Spring, SpringBoot, SpringCloud, 分布式技术, Linux, 后端开发","岗位职责:
1参与项目的需求评审;
2.充分理解项目需求，独立承担单独功能的代码设计以及编写，并完成自测;
3独立快速解决开发过程中遇到的技术难题;
4修复测试工程中发现的代码缺陷，保证质量;
5.服从上级领导安排，主动提交工作报告以及进度报告供项目经理掌握项目情况;
6完成公司安排的其他事宜等。
任职要求:
1计算机相关专业本科及以上;
2.两年以上Java应用开发经验，有良好的编码规范;精通Java，熟悉多线程并发编程，熟悉常
用的设计模式;
3熟练掌握Spring、SpringMVC、
SpringBoot、SpringCloud、Mybatis等主流框架，能够熟练应用;
4.熟练掌握SQL语言，熟悉主流关系型数
据库(Mysql，Orcacle等)，有一定的SQL调优经验;
5了解Linux系统，熟悉基本的操作指令;6.能适应出差、进行项目的现场开发和调试;",105,2025-10-09 09:46:32
2周内活跃,java中级开发工程师,7-10K,7000,10000,1-3年,BOSS活跃,https://www.zhipin.com/job_detail/98cb1271e48e0d6403d829-9EFtY.html,本科,宜昌,天维信息,500-999人,计算机软件,福利信息未提供,"Java, 大数据经验, 不接受居家办公, PostgreSQL, SpringCloud, MySQL, Spring, Oracle","【岗位职责】
1、负责参与JAVA, SQL存储过程的编写等项目应用开发、实施工作;参与软件质量自测工作,提升项目工开发质量和效率;
2、负责系统数据库管理,包括数据库日常维护,数据库性能监控和调优,数据备份/恢复计划的制定、执行;
3、承担系统概要设计、详细设计数据库部份内容,对数据库整体架构提出建议；
4、协助测试完成项目的单元测试、集成测试；
5、按时提交工作总结和开发进度,及时汇报工作状况;
6、积极应用及反馈软件研发中心提交的研发成果;
7、积极收集反馈市场需求提交软件研发中心以协助产品创新研发。
【任职要求】
1、本科及以上学历，计算机专业；
2、1年以上数据库或JAVA开发工作经验，优先考虑参与过实际项目开发工作者；
3、具有良好的数据库理论基础，有使用过SQLSERVER、ORACLE、SYBASE、DBS等一众或多种数据库经验；
4、具备良好的团队合作精神、高度的责任心；
5、工作积极主动，具备优秀的学习能力；
6、有银行项目经验优先。",106,2025-10-09 09:46:33
2周内活跃,Java开发工程师,6-9K·13薪,6000,9000,1-3年,BOSS活跃,https://www.zhipin.com/job_detail/9a3009de4367376003x43t6-EldQ.html,大专,宜昌,奥美医疗,1000-9999人,医疗服务,福利信息未提供,"Java, SpringCloud, MySQL, Spring, ERP开发经验","【岗位职责】
1、金蝶云星瀚系统产品二开及现有模块运维开发； 
2、其他系统API集成开发，内部信息化项目； 
3、编写相关开发文档及软件验证文档；
4、上级交办的其他事项。

【任职资格】
1、全日制大专及以上学历，2年以上Java开发经验；
2、熟练掌握Java开发技术，有过金蝶云苍穹项目开发经验；
3、具备各类型表单及插件开发经验及系统API集成开发经验；
4、具备html、css、vue等前端开发能力，熟悉PG、MySQL数据库相关操作；
5、良好的学习能力，能快速学习新技术和业务知识，良好的分析问题、解决复杂问题的能力；
6、良好的编码规范和文档编写能力，善于沟通，具备良好的团队合作精神，能接受国内外短期出差。",107,2025-10-09 09:46:34
2周内活跃,测试工程师,4-9K·13薪,4000,9000,1-3年,包含其他关键词,https://www.zhipin.com/job_detail/aa64b7b64511b4f01nN509y4E1ZW.html,大专,宜昌,湖北科尔软件,20-99人,计算机服务,福利信息未提供,"Java, 测试工作经验, 功能测试","岗位描述：
1. 前期负责公司产品及项目的功能测试，后期负责与客户沟通收集需求及问题，帮助客户解决问题
2. 根据软件需求文档定制测试方案，编写测试用例，分析和解决问题
3. 反馈测试结果，提交缺陷，编写测试报告等交付物
4. 协助领导完善测试标准和规范
5. 上级安排的其他工作

岗位要求：
1. 有一年以上测试，运维相关工作经验
2. 具有良好的分析能力，表达能力，沟通能力强，逻辑思维，善于发现和定位问题
3. 熟悉编程语言java、js者优先",108,2025-10-09 09:46:36
近半年活跃,lua游戏开发,6-11K,6000,11000,经验不限,不包含Java,https://www.zhipin.com/job_detail/7842aa881b8588a203R73tW7FFtR.html,大专,宜昌,雷公网络,0-20人,互联网,福利信息未提供,"Java, Lua","岗位职责：
1、按照策划大纲完成游戏架构及各大功能的设计、开发、调试和其他技术支持
2、用lua语言进行游戏功能脚本开发，以及版本所需的表格配置工作
3、修复游戏中所遇到的相关BUG
4、完成领导交付的其它工作。
任职资格：
1、专科及以上学历，计算机相关专业毕业
2、热爱游戏开发，热爱技术工作，善于钻研学习
3、具备良好的沟通协调的能力，服从组织管理
注意：会java，会lua 最好",109,2025-10-09 09:46:37
半年前活跃,Android开发软件工程师,6-8K,6000,8000,1-3年,包含其他关键词,https://www.zhipin.com/job_detail/308e0dd3840627801n153t61EFA~.html,大专,宜昌,汇创网络,20-99人,计算机软件,福利信息未提供,"Android, Java","招聘人数：5人
职位月薪：6000-8000
招聘要求：
1、大专及以上学历,2年以上工作经验； 
2、java基础扎实,熟悉常用数据结构与算法,熟悉基本的设计模式；
3、熟悉Android常用API和控件,对生命周期有较深入的理解；
4、责任心强,善于学习新技术；熟悉移动终端特性和开发特点及网络编程相关知识者优先；
5、备良好的职业素养和团队协作精神，以及较强的学习能力，承担独立规划、开发的任务； 
6、有重构或者架构设计经验优先； 
7、注重代码规范,有代码洁癖者优先； 
8、从事Android平台软件的研发工作； 
9、能够独立完成Android软件的模块设计、编码、联调、维护等各阶段的开发任务； 
10、指导和协助运维。


福利待遇：
1、稳定的收入=无责任底薪+基本绩效+全勤奖+高提成+工龄工资+年底双薪
2、完善的培训=带薪入职培训+实用的在职培训+系统、专业的技能培训
3、合理的休假=周末休息+法定节假日休假+带薪婚/丧/孕/产假
4、良好的工作环境=以业绩为导向+以态度为依托+简单融洽的职场氛围
5、健全的福利=社保+节日福利+定期聚餐+不定期户外拓展活动+公司分红",110,2025-10-09 09:46:38
半年前活跃,安卓开发,6-8K,6000,8000,经验不限,包含其他关键词,https://www.zhipin.com/job_detail/86cf7ae445af5e111nV609-5GFNQ.html,大专,宜昌,美百科技,20-99人,互联网,福利信息未提供,Android,"1、扎实的java基础，2年以上Android实际开发经验
2、熟练掌握JAVA编程和Eclipse或Android studio集成开发环境与Android SDK；
3、熟悉Android系统框架、熟练掌握Android多分辨率适配、Android UI开发技能及各种布局开发；
4、熟练掌握数据库，json，多线程编程，；",111,2025-10-09 09:46:40
半年前活跃,创客机器人老师,6-7K,6000,7000,1-3年,包含其他关键词,https://www.zhipin.com/job_detail/a5bbc267af53e9ac33R_3Nm7ElM~.html,本科,宜昌,魔方教育培训机构,100-499人,在线教育,福利信息未提供,"STEAM, 机器人, 教师, 理科老师","你将会负责什么？
1、负责校区机器人教育产品的研发设计工作。如电子、机械、机器人模型的结构设计，程序编辑、展品设计和制作、课程研发、课件制作等工作；
2、积极参加教研会，完成科学课程教学内容标准化，完善及课程研发升级等；
3、负责编程机器人比赛课程的研发与设计等；
4、其它教研所需要的工作，如参与试课、组织教师培训等工作。
5、承担相关学科的教学任务工作（如机器人、无人机、3D打印等），按要求进行充分的备课（包括教案公示的书写、教具及教学PPT的准备等）；
6、对教学区内部的管理进行充分的了解，按照教学教务管理人员的要求配合管理人员的工作；
7、通过教学，与学员家长定期沟通，及时向家长汇报阶段性学习成果和整体学习情况；
8、参与策划、组织和执行各类创客教育活动、教学交流会；
你需要具备什么？
1、本科及以上学历，理工科专业（计算机类、自动化类、电子类、物理类、数学类、工程类、机械类、师范类等）；
2、学习能力强，喜欢研究新事物，新科技产品，对创客有一定的兴趣，具备良好的团队合作能力，能快速适应新领域，掌握新知识；
3、了解创客文化，有自己动手制作经验，熟悉C++、Java、Scratch、Arduino、Python、Msixly、树莓派等编程，有较强的编程能力和逻辑思维能力，有一定的自学能力者；
4、喜欢小孩子，热爱教育，喜欢创客。

怎样可以被我们的HR关注？
1、有同行业从业经验者优先入职；
2、有激情，有梦想，敢于吃苦者优先入职；
3、能熟练操作多媒体软件如视频编辑、Photoshop，独立设计培训课件者优先。
4、了解中小学机器人竞赛，有过辅导学生参加比赛经验者优先；
5、有过创客教育或机器人教育工作经验者优先。

选择我们的理由？
1、愉快的工作环境，有趣的同事小伙伴，积极快乐的工作氛围
2、湖北宜昌规模最大、实力最强，集教育培训、教学产品研发、教育咨询于一体的综合性教育机构；
3、行业内高水准的薪资福利；
4、提供专业系统的带薪培训（只要你愿意学习，不用担心不能胜任）；
5、完善的晋升体系，保证每一名员工在公司中都能快速成长。
6、福利多多——超长带薪年假、团队拓展、员工旅游、节日礼品、社会保险、内部优惠。。。
7、加入我们你将获得——成长、自信、成就感、快乐的工作、个人价值提升、与价值匹配的薪酬福利！",112,2025-10-09 09:46:52
2月内活跃,ai软件开发工程师,8-12K,8000,12000,1-3年,不包含Java,https://www.zhipin.com/job_detail/a844073e8cdccf3e03Vz3ty9GFNQ.html,本科,宜昌,数安科技,20-99人,通信/网络设备,福利信息未提供,职位要求技能未提供,"负责将前沿AI技术（大语言模型/智能体开发）与公司业务场景深度融合，通过Dify等开发平台设计、部署和优化AI智能体，构建企业级AI应用解决方案，驱动业务智能化升级。

工作内容
1、智能体架构设计
深入理解业务需求，设计可落地的智能体技术方案
基于Dify等底代码平台搭建企业级AI应用工作流
开发多模态智能体（对话/决策/数据分析等类型）
2.模型开发与优化
实施大模型微调与精调（DeepSeek等模型优先）
构建行业专属知识库与提示工程体系
设计RAG增强解决方案与模型评估机制
3.全链路技术实施
完成模型部署、API对接及系统集成
持续优化智能体性能与响应效率
4.跨团队协同
与产品/业务部门紧密配合，确保技术方案商业价值
编制技术文档并开展内部培训
跟踪评估AI技术演进趋势。

任职要求
1、技术能力：1年以上AI工程化落地经验
熟悉Dify等LLM应用开发平台
掌握智能体开发框架（LangChain/AutoGen等）
熟悉DeepSeek/GLM/GPT等大模型技术栈
具备模型微调实战经验（LoRA/P—Tuning等）优先
掌握Python/Java等开发语言，熟悉RESTful API开发优先
2.专业背景
计算机/人工智能相关专业本科及以上学历
熟悉机器学习/深度学习基础理论
熟悉企业知识库构建方法论
熟悉Dify/DeepSeek优先
有完整的智能体项目交付经验者优先",113,2025-10-09 09:48:39
刚刚活跃,ai研究员,35-65K,35000,65000,经验不限,不包含Java,https://www.zhipin.com/job_detail/2d7ce9466a3b72ad03Z73dW5F1tZ.html,博士,宜昌,湖北某中型房地产开发公司,100-499人,房地产开发经营,福利信息未提供,"语音算法, C/C++, Java, 机器学习, 图像算法, 自然语言处理算法, 强化学习, 数据挖掘, 模型加速/性能优化","1、博士学位，计算机科学、人工智能、机器学习、数据科学、电子工程等相关领域。
2、具备扎实的理论基础和丰富的实践经验，深入理解并熟练运用计算机视觉、语音降噪和增强、自然语言处理、信号处理、神经网络、机器学习、深度学习等技术，熟悉常见的机器学习算法和深度学习框架（如TensorFlow, PyTorch、SciPy、NumPy、Scikit-learn、Apache Spark等），能够复现并改进相关算法。
3、有较强的科研能力，能够独立完成特征工程、建模、算法设计与实现。
4、掌握开源大模型部署及微调技能，掌握RAG的实施及优化。
5、良好的编程能力，熟练掌握Java、R、Python、C++ 和 JavaScript等编程语言。
6、具备高度的责任心、良好的团队合作精神、独立完成工作以及优秀的学习能力、有一定抗压能力、服从组织安排；
7、身体健康、吃苦耐劳、性格开朗、品行端正、诚实守信；
8、政治过硬、具有良好的政治思想素质与职业道德操守，共产党员优先。
9、优先考虑具有以下经验或技能的候选人：
在顶级期刊或会议上发表过学术论文；
在知名科研机构或企业有工作经验；
参与过大型AI项目或竞赛并获得优异成绩；
拥有多项相关领域的发明专利或软件著作权。",114,2025-10-09 09:48:40
半年前活跃,网页设计师,3-7K,3000,7000,1-3年,包含其他关键词,https://www.zhipin.com/job_detail/349c52c1a8d2f9731nZ50tu6EVpR.html,大专,宜昌,致趣科技,0-20人,计算机服务,福利信息未提供,"PhotoShop, Dreamweaver, Fireworks, Web端, HTML, CSS, JavaScript, 广告","1、根据客户需求负责网站的设计和制作工作。
2、负责网站页面设计和美化，包括图片修改和制作、动画、动态广告条等的设计和制作。
3、平台整体栏目、专题页面、网页的设计制作。

任职要求：
1、有良好的设计创意审美能力，有较强的平面设计和网页设计创意能力；
2、精通DIV+CSS构建页面，表格布局和Html、CSS样式语言，Javascript网页特效，熟练把握网页各元素和要件，能够独立进行网站美工布局的设计；
3、能熟练应用Photoshop、Fireworks、Dreamweaver、Flash等工具；
4、有良好的沟通能力和创造能力，有团队合作精神
5、有网站美化经验优先，踏实肯干，工做认真者优先 


要求B

1、1-2年以上工作经验； 2、有良好的网站审美观，精于标准网页设计、动画效果等； 3、精通photoshop设计页面效果，能用标准的HTML+CSS将页面重构； 4、有三个以上网站设计案例； 5、懂Java或PHP优先考虑。
web网页设计师热门招聘",115,2025-10-09 09:48:41
本月活跃,公益项目专员,3-5K,3000,5000,1-3年,不包含Java,https://www.zhipin.com/job_detail/6826e1aa079c74d91Hxy3ty4GVtZ.html,大专,宜昌,京宜假期,0-20人,文化艺术/娱乐,福利信息未提供,"实施交付经验, 团队管理经验, 家庭指导师, 企业内部技术项目管理, 社工证, 心理咨询师, 管理相关专业","工作内容
1、负责公益项目的整体规划与执行，确保项目目标的实现。
2、领导项目团队，协调跨部门合作，推动项目进展。
3、监控项目风险，及时调整策略以确保项目顺利进行。

任职要求
1、具备扎实的Java编程能力，熟悉Spring等主流框架。
2、熟练使用MySQL和Oracle数据库，具备良好的SQL编写能力。
3、具有较强的责任心和沟通能力，能够有效管理团队。
（有相关工作经验者优先、持社工证、心理咨询师、家庭指导师证件优先考虑）",116,2025-10-09 09:48:43
刚刚活跃,渗透测试工程师,12-24K·14薪,12000,24000,1-3年,包含其他关键词,https://www.zhipin.com/job_detail/ae3636e21f1524bf1HZ90tS4EFVS.html,大专,宜昌,暗泉信息,20-99人,信息安全,福利信息未提供,"内网后渗透, 渗透测试经验, 计算机/信息安全相关专业, 攻防对抗经验, 网络安全, 安全研究","渗透测试工程师  10K - 30K/月
技能要求
1.1-5年渗透测试经验；
2.精通渗透测试步骤、方法、流程，具备独立开展渗透工作的能力；
3.熟练掌握WEB安全和漏洞挖掘，熟悉漏洞的原理、方法、利用手段及解决方案；
4.熟悉代码安全审计（php/asp/jsp/python）的流程、方法及主流代码审计工具的使用。
5.掌握perl、python、java等编程语言至少一种，能编写漏洞检测或利用工具；
6.掌握c／c++/c＃/go等编程语言至少一种；
7.满足以下至少一项条件者优先录用：
a)独立或合作开发过安全相关工具、平台、项目者；
b)在t00ls、freebuf、Seebug、exploit-db.com等网站发布过漏洞、文章者。

高级渗透测试工程师  30K - 50K/月
岗位职责
1.漏洞的发掘，授权下进行深度的安全测试；
2.基于攻防实验室，参与安全产品开发提供渗透攻防思路；
3.跟踪国内外安全动态，对安全事件中的漏洞进行分析、研究、挖掘，并进行预警提供应急响应和调查取证服务。
技能要求
1.5年以上渗透测试经验，具备独立开展渗透工作的能力；
2.熟悉渗透测试步骤、方法、流程，具备独立开展渗透工作的能力；
3.熟练掌握WEB安全和漏洞挖掘，熟悉漏洞的原理、方法、利用手段及解决方案；
4.熟悉代码安全审计（php/asp/jsp/python）的流程、方法及主流代码审计工具的使用，并挖掘常见漏洞；
5.至少掌握python/ruby/perl/php/等两门脚本语言；
6.至少掌握C/C++/GO/Delphi等两门编程语言；
7.在t00ls、wooyun、freebuf、Seebug、exploit-db.com等网站发布过漏洞、文章者。",117,2025-10-09 09:48:44
半年前活跃,技术编程员,6-7K,6000,7000,1-3年,不包含Java,https://www.zhipin.com/job_detail/f75677f16330aff10nBy2tW0FlU~.html,大专,宜昌,富程智德,0-20人,咨询,福利信息未提供,"Java, 分布式技术, NoSQL, Web端",工资面谈，工作职责: 1、基于海量数据的WEB应用研发； 2、数据可视化设计与实现； 3、根据业务需求和开发规范独立完成设计、编码、测试，以及相关文档的编写。  任职资格: 1大专及以上学历，计算机等相关专业毕业； 2、2年及以上JAVA开发相关经验； 3、熟练掌握 HTMLCSSJavaScript，能够独立编写体验良好的的WEB应用； 4、熟悉主流开源 NoSQL 产品、分布式存储与计算平台； 5、熟悉 SpringMyBatis 等JAVA开发框架，了解主流开源 NoSQL 产品； 6、学习能力强、团队协作、踏实稳重、吃苦耐劳。能与客户进行良好沟通，能够高质量完成需求调研工作,118,2025-10-09 09:48:46
刚刚活跃,售后技术支持,4-8K,4000,8000,经验不限,不包含Java,https://www.zhipin.com/job_detail/27017dee68ae1e3f1XV_2tq7E1FY.html,大专,宜昌,瑞杰衡器,20-99人,计算机软件,福利信息未提供,"系统调试, 硬件集成调试, 技术沟通","岗位职责：
1、主要负责公司软件产品的售后服务工作；
2、及时反馈客户问题，协同技术研发人员推动和完善产品的升级；
3、不断学习和更新产品知识，为客户提供专业的解决方案。

任职要求：
1、大专及以上学历，计算机相关专业者优先；
2、熟悉和了解软件开发语言(如C#、java、python都可以)，不需要写程序；
3、良好的客户服务意识和解决能力；
4、工作细心，耐心处理客户所遇到的问题；
5、优秀应届生亦可。

加分项
有以下行业经验：计算机软件·机械设备/机电/重工·仪器仪表/工业自动化",119,2025-10-09 09:48:48
半年前活跃,Java开发工程师,7-8K,7000,8000,1-3年,BOSS活跃,https://www.zhipin.com/job_detail/6642c9f09a7f75b41XZ639q9FlVQ.html,本科,宜昌,湖北恒阅,0-20人,互联网,福利信息未提供,"Dubbo, PostgreSQL, Oracle, Redis","工作职责
1、参与项目系统的需求分析和设计，完成相关需求代码开发、调试，自测工作；
2、进行软件详细设计和编码实现，确保安全、质量和性能；
3、维护和升级现有软件产品，快速定位并修复现有软件缺陷；
4、配合项目需求完成相关任务目标。
任职要求
1、本科及以上学历，计算机相关专业；3-5年的java软件开发经验；
2、精通java语言，熟悉多线程，缓存，并发等技术方案，能独立完成单独需求的详细的设计和开发；
3、熟悉SpringCloud，mybatis，Dubbo，redis，zk等开源框架；熟悉关系型数据库(oracle/postgresql/tidb)使用、设计；
4、良好的编程习惯，思路清晰，责任心强，积极主动，对技术要有激情，学习能力强，良好的沟通表达能力和团队协作能力；
5、有企业微信开发经验优先；
6、有SAAS软件开发经验优先；

有意者请将个人附件简历发送至本平台，不接受私聊，查看后再回复您结果。",120,2025-10-09 09:48:49
刚刚活跃,项目实施工程师,5-9K·13薪,5000,9000,1-3年,包含其他关键词,https://www.zhipin.com/job_detail/89595e39dd86c92303x43N-9F1NT.html,本科,宜昌,契约锁,500-999人,互联网,福利信息未提供,"软件实施经验, ERP, OA, 熟练掌握SQL语句, 计算机相关专业","岗位职责：
1、负责软件项目实施工作，参与需求调研、项目计划制定、配置系统、用户培训、实施上线等实施服务；
2、解决项目实施中遇到的问题，确保项目成功交付上线；
3、妥善处理软件实施中突发事件，维护客户关系，持续提高客户满意度；
4、收集客户问题反馈，形成产品建议，完善公司产品。
任职要求：
1、本科及以上学历，1—3年软件项目实施工作经验；
2、熟悉Linux操作系统和SQL数据库，了解JAVA或C++或.NET其中一种语言；
3、逻辑思路清晰，具备良好的需求调研和产品使用培训能力；
4、具有良好的沟通能力和执行能力，团队合作意识强。",121,2025-10-09 09:48:50
本月活跃,Java,4-8K,4000,8000,经验不限,BOSS活跃,https://www.zhipin.com/job_detail/66ac4708c99359ea03F509u5FVVV.html,大专,宜昌,宜都两江明珠置业公司,0-20人,房地产开发经营,福利信息未提供,"Java, 团队管理经验, 分布式经验, MySQL, 架构设计经验, Spring","创业公司招人啦！！！
办公地点：宜都市
	
急需计算机相关人才，与其他同事合作开发App，网站，小程序，同时维护现有产品，速速投递简历。",122,2025-10-09 09:48:51
2月内活跃,实施项目经理,4-9K,4000,9000,1-3年,包含其他关键词,https://www.zhipin.com/job_detail/849361114ab5f0741XN80t--FltU.html,本科,宜昌,湖北智政,20-99人,计算机软件,福利信息未提供,"销售支持/交付管理, 计算机相关专业, 售前支持经验, 实施交付经验","岗位职责：
1.承担工程项目的全过程实施；
2.组织项目组成员制定工程项目项目计划；
3.负责落实项目各阶段的工程实施任务；
4.负责落实工程项目质量控制；
5.负责工程项目的成本控制；
6.负责工程项目过程文件归档管理；
7.负责工程项目验收；
8.负责县市软件项目实施以及需求调研等工作。

任职要求：
1.大学专科及以上学历，计算机类相关专业；
2.有计算机相关行业工程实施经验者优先；
3.办公软件操作熟练；
4.具有良好的沟通能力；
5.有一定java编程基础者优先。
6.具有数据库基础者优先。",123,2025-10-09 09:48:53
近半年活跃,java,2-4K,2000,4000,1年以内,BOSS活跃,https://www.zhipin.com/job_detail/3933de96574d29551XB92d-0ElJX.html,大专,宜昌,湖北元世界科技,0-20人,计算机软件,福利信息未提供,"Java, Spring, JavaScript","岗位职责
1、按照业务需求，负责平台或业务系统的设计、维护，以及代码开发工作。
2、负责项目功能开发、系统优化；协助解决项目开发过程中的技术难题。
3、根据开发计划，按时保质保量完成公司交予的任务。
4、维护项目平台系统正常运营。

任职要求：
1、软件类相关专业。
2、java基础知识扎实,精通多线程编程,具有良好的编码习惯,对软件工程的标准开发流程有一定的理解和经验，具有独立开发和解决问题的能力。
3、熟练使用maven、svn或git工具、熟悉spring boot框架，熟悉Spring对其他框架的整合。
4、熟练使用MyBatis ORM框架,熟悉数据库连接池，熟悉MyBatis的核心API，对MyBatis的关联映射、继承映射、组件映射、缓存机制、事务管理以及性能调优等有深入的理解。
5、熟悉MySQL/Sql Server 数据库中的存储过程、索引等功能，熟悉表结构设计的原则。
6、熟练使用redis开源缓存存储方式、消息队列，了解其实现原理。
7、工作认真负责，具有较强的责任心，有较强的学习意愿，沟通良好，能适应较强压力。",124,2025-10-09 09:48:54
2周内活跃,高薪聘中级java开发工程师,7-10K,7000,10000,1-3年,BOSS活跃,https://www.zhipin.com/job_detail/6abd799da2ca0bef03d839m6EVJX.html,本科,宜昌,天维信息,500-999人,计算机软件,福利信息未提供,"Java, Nginx, 大数据经验, 不接受居家办公, SpringCloud, MySQL, Spring, Oracle","【岗位职责】
1、负责参与JAVA, SQL存储过程的编写等项目应用开发、实施工作;参与软件质量自测工作,提升项目工开发质量和效率;
2、负责系统数据库管理,包括数据库日常维护,数据库性能监控和调优,数据备份/恢复计划的制定、执行;
3、承担系统概要设计、详细设计数据库部份内容,对数据库整体架构提出建议；
4、协助测试完成项目的单元测试、集成测试；
5、按时提交工作总结和开发进度,及时汇报工作状况;
6、积极应用及反馈软件研发中心提交的研发成果;
7、积极收集反馈市场需求提交软件研发中心以协助产品创新研发。
【任职要求】
1、本科及以上学历，计算机专业；
2、1年以上数据库或JAVA开工作经验，优先考虑参与过实际项目开发工作者；
3、具有良好的数据库理论基础，有使用过SQLSERVER、ORACLE、SYBASE、DBS等一众或多种数据库经验；
4、具备良好的团队合作精神、高度的责任心；
5、工作积极主动，具备优秀的学习能力；
6、有银行项目经验优先。",125,2025-10-09 09:48:55
2月内活跃,python老师,5-10K·13薪,5000,10000,经验不限,包含其他关键词,https://www.zhipin.com/job_detail/31b156b6717a7bac1X1z3Ny4FlpR.html,本科,宜昌,宜昌斯迪姆,0-20人,学前教育,福利信息未提供,"中学生, 熟练掌握计算机语言, 小班教学（3-25人）, 线下教育, 不坐班, 课程/课件研发, 学前儿童/小学生, 一对一教学, 全职, 幼儿教育工作经验","1、负责青少年（小学，初中）编程课程的讲授
２、对现有教案进行完善和优化；
３、负责备课、教学、课后总结，接受教学质量评估；
４、进行学生作业评价以及教学评价；
５、负责体验课的授课；
６、定期参加教学研讨、教学交流活动，反馈教学效果，优化教学内容；
７、配合公司组织的各种教学活动和市场活动。
 
任职要求：有教师资格证或教学经验优先考虑，接受2023应届毕业生以及24届没课能全职实习的学生
1、 本科及以上学历；理工科、计算机、学前教育或是师范类学校，需持有教师资格证书；
2、 熟悉C++,Java,C中其中一种，具有很强的逻辑思辨能力
3、 熟悉python语言，具有pyhton开发经历优先考虑
４、了解STEAM教育，热爱教育事业，能与孩子融洽相处；
５、性格开朗、具有较强的亲和力；
６、逻辑清晰，具有较强的动手能力、学习能力和沟通能力；
７、工作认真负责，有责任心和团队意识；
８、有1年以上教学经验者优先，STEM、K12少儿教育领域工作经历者优先。",126,2025-10-09 09:48:57
半年前活跃,java开发工程师,6-10K,6000,10000,1-3年,BOSS活跃,https://www.zhipin.com/job_detail/211b29c7d24873370nF939-8FVI~.html,大专,宜昌,富程智德,0-20人,咨询,福利信息未提供,Java,工资面谈，工作职责: 1、基于海量数据的WEB应用研发； 2、数据可视化设计与实现； 3、根据业务需求和开发规范独立完成设计、编码、测试，以及相关文档的编写。  任职资格: 1大专及以上学历，计算机等相关专业毕业； 2、2年及以上JAVA开发相关经验； 3、熟练掌握 HTMLCSSJavaScript，能够独立编写体验良好的的WEB应用； 4、熟悉主流开源 NoSQL 产品、分布式存储与计算平台； 5、熟悉 SpringMyBatis 等JAVA开发框架，了解主流开源 NoSQL 产品； 6、学习能力强、团队协作、踏实稳重、吃苦耐劳。能与客户进行良好沟通，能够高质量完成需求调研工作,127,2025-10-09 09:48:58
半年前活跃,Java,7-8K,7000,8000,1-3年,BOSS活跃,https://www.zhipin.com/job_detail/cafa988705e32fbd1XZ609S4ElJS.html,本科,宜昌,湖北恒阅,0-20人,互联网,福利信息未提供,"Dubbo, PostgreSQL, Oracle, Redis","工作职责
1、参与项目系统的需求分析和设计，完成相关需求代码开发、调试，自测工作；
2、进行软件详细设计和编码实现，确保安全、质量和性能；
3、维护和升级现有软件产品，快速定位并修复现有软件缺陷；
4、配合项目需求完成相关任务目标。
任职要求
1、本科及以上学历，计算机相关专业；3-5年的java软件开发经验；
2、精通java语言，熟悉多线程，缓存，并发等技术方案，能独立完成单独需求的详细的设计和开发；
3、熟悉SpringCloud，mybatis，Dubbo，redis，zk等开源框架；熟悉关系型数据库(oracle/postgresql/tidb)使用、设计；
4、良好的编程习惯，思路清晰，责任心强，积极主动，对技术要有激情，学习能力强，良好的沟通表达能力和团队协作能力；
5、有企业微信开发经验优先；
6、有SAAS软件开发经验优先；

有意者请将个人附件简历发送至本平台，不接受私聊，查看后再回复您结果。",128,2025-10-09 09:48:59
半年前活跃,Java开发工程师（宜昌、宜都）,6-8K,6000,8000,1-3年,BOSS活跃,https://www.zhipin.com/job_detail/1a8406dadf9b5e4e1n182ti-F1pS.html,本科,宜昌,大家电脑,20-99人,计算机服务,福利信息未提供,"分布式技术, NoSQL, 架构师, GIT, Maven, SVN, HIS","岗位职责：
1、 需求分析：理解分析用户任务，编写需求规格说明书等需求管理文档；
2、 设计工作：模块的详细设计和程序设计工作；数据库设计工作；
3、 开发工作：模块核心代码的编写；关键技术预研与公关，参与技术评审；
4、 质量保证：单元测试计划的制定和实施；实施集成测试；
5、 负责系统及相关产品需求分析及架构设计；

任职资格：      有HIS系统开发经验者优先考虑！
1、本科及以上学历，计算机相关专业；
2、2年以上软件开发经验，有数据平台建设，或者大型互联网项目开发经验或设计经验优先；
3、掌握软件工程理论，精通至少一种软件工程方法，有较强的系统分析能力；
4、精通Java 技术体系架构，熟悉大数据平台建设；
5、熟悉面向对象的开发技术和设计模式，熟悉面向服务（SOA）的系统架构；
6、掌握或熟练使用maven、git、svn等工具使用，熟悉多线程、分布式、数据库事务处理等技术原理;
7、熟练掌握关系型数据库，了解NoSQL技术、缓存、MQ、分布式、大数据相关技术优先；
8、熟悉前端框架（比如vue）者优先。",129,2025-10-09 09:49:00
2周内活跃,java中级开发工程师,8-11K,8000,11000,1-3年,BOSS活跃,https://www.zhipin.com/job_detail/6e7bf35e94a33dfa03Z939y4GVVR.html,本科,宜昌,天维信息,500-999人,计算机软件,福利信息未提供,"Java, 大数据经验, 不接受居家办公, PostgreSQL, SpringCloud, MySQL, Spring, Oracle, Python","【岗位职责】
1、负责参与JAVA, SQL存储过程的编写等项目应用开发、实施工作;参与软件质量自测工作,提升项目工开发质量和效率;
2、负责系统数据库管理,包括数据库日常维护,数据库性能监控和调优,数据备份/恢复计划的制定、执行;
3、承担系统概要设计、详细设计数据库部份内容,对数据库整体架构提出建议；
4、协助测试完成项目的单元测试、集成测试；
5、按时提交工作总结和开发进度,及时汇报工作状况;
6、积极应用及反馈软件研发中心提交的研发成果;
7、积极收集反馈市场需求提交软件研发中心以协助产品创新研发。
【任职要求】
1、本科及以上学历，计算机专业；
2、1年以上数据库或JAVA开发工作经验，优先考虑参与过实际项目开发工作者；
3、具有良好的数据库理论基础，有使用过SQLSERVER、ORACLE、SYBASE、DBS等一众或多种数据库经验；
4、具备良好的团队合作精神、高度的责任心；
5、工作积极主动，具备优秀的学习能力；
6、有银行项目经验优先。",130,2025-10-09 09:49:02
2周内活跃,软件项目经理,8-10K,8000,10000,1-3年,不包含Java,https://www.zhipin.com/job_detail/1f8db9dc59a5f8d803Nz09u1GFBY.html,本科,宜昌,湖北汉融信息,20-99人,计算机软件,福利信息未提供,软件行业,"主要职责：
1.发掘和调研客户需求目标，制定数据分析策略，其中包括数据分析场景以及数据收集、清洗、整合、存储等方面的规划。
2.数据采集和处理：确定并获取合适的数据源，利用数据处理技术对数据进行清洗、整合和存储。
3.负责离线/实时的数据存储和加工处理，保证数据质量。
4.负责数据集市建设，负责数据模型及指标体系的设计与开发工作。
5.负责数据服务开发、数据共享的开发工作。
岗位要求：
1.熟悉Linux系统，熟练掌握SQL、Java、Shell、Python等一种或多种开发语言，具有一定的运维能力，掌握Linux操作系统的配置。
2.深入理解大数据数仓，有较丰富的ETL经验，熟悉数据架构和数据模型，对大数据治理有较为系统的实践。
3.具有一定的运维能力：掌握Linux操作系统的配置，管理及优化。
4.熟悉主流OLAP分析型数据库（Doris、starrocks)， 理解数据仓库的分层架构，数据建模设计方法。
5.具有丰富的数据加工处理经验，对数据采集、数据清洗，数据处理、数据建模、数据分析等有深刻认识和实战经验。
6.熟悉多项大数据领域的开源框架，如 Hadoop生态, Spark,Flink,Kafka,Redis,ElasticSearch等。  
7.具备较强的文字表达和PPT制作能力，能够独立撰写分析报告与客户进行汇报。  
8.工作经验：至少有2年以上数据治理分析或相关领域的工作经验，具有政府或公共服务背景者优先考虑。",131,2025-10-09 09:49:03
近半年活跃,初级vue,4-6K,4000,6000,1-3年,不包含Java,https://www.zhipin.com/job_detail/7e3254be4040dd691XB92d-0FFJQ.html,大专,宜昌,湖北元世界科技,0-20人,计算机软件,福利信息未提供,"JavaScript, HTML5, Vue","岗位职责：
1、根据项目进度安排配合后台开发人员完成Web项目开发，实现产品界面和功能；
2、Web前端表现层及与前后端交互的架构设计和开发；
3、利用Web技术实现产品原型；
4、优化网站界面UI、代码优化。
5、研究分析业内主流技术实现，优化实现方案，不断改进产品功能;

任职要求：
1、2年以上互联网前端开发经验，有手机端和PC端页面的开发经验；
2、精通CSS3/HTML5，熟悉Less或sass语法，熟悉ES6，精通响应式布局；
3、精通JavaScript/JSON/XML，精通至少一种JS框架（如VUE.js），精通jQuery、Bootstrap；
4、精通浏览器的兼容调试技巧，熟练解决主流浏览器及不同版本的兼容性问题；
5、了解JAVA开发者优先。",132,2025-10-09 09:49:04
半年前活跃,少儿编程老师,6-11K,6000,11000,1年以内,包含其他关键词,https://www.zhipin.com/job_detail/627ac821f808cdc21nd62N65GVFT.html,本科,宜昌,宜昌斯迪姆,0-20人,学前教育,福利信息未提供,"教研, 小学教育, 初中教育, 线下授课, 全职, 教育培训","【岗位职责】
1、负责青少年（小学，初中）编程课程的讲授
２、对现有教案进行完善和优化；
３、负责备课、教学、课后总结，接受教学质量评估；
４、进行学生作业评价以及教学评价；
５、负责体验课的授课；
６、定期参加教学研讨、教学交流活动，反馈教学效果，优化教学内容；
７、配合公司组织的各种教学活动和市场活动。

任职要求：有教师资格证或教学经验优先考虑

1、 本科及以上学历；理工科、计算机、学前教育或是师范类学校，需持有教师资格证书；
2、 熟悉C++,Java,C中其中一种，具有很强的逻辑思辨能力
3、 熟悉python语言，具有pyhton开发经历优先考虑
４、了解STEAM教育，热爱教育事业，能与孩子融洽相处；
５、性格开朗、具有较强的亲和力；
６、逻辑清晰，具有较强的动手能力、学习能力和沟通能力；
７、工作认真负责，有责任心和团队意识；
８、有1年以上教学经验者优先，STEM、K12少儿教育领域工作经历者优先。",133,2025-10-09 09:49:05
半年前活跃,技术开发,6-7K,6000,7000,1-3年,不包含Java,https://www.zhipin.com/job_detail/2633798566f7722d03R-3tq1GFI~.html,大专,宜昌,富程智德,0-20人,咨询,福利信息未提供,"Java, 前端开发, 解决方案",工资面谈，工作职责: 1、基于海量数据的WEB应用研发； 2、数据可视化设计与实现； 3、根据业务需求和开发规范独立完成设计、编码、测试，以及相关文档的编写。  任职资格: 1、本科及以上学历，计算机等相关专业毕业； 2、2年及以上JAVA开发相关经验； 3、熟练掌握 HTMLCSSJavaScript，能够独立编写体验良好的的WEB应用； 4、熟悉主流开源 NoSQL 产品、分布式存储与计算平台； 5、熟悉 SpringMyBatis 等JAVA开发框架，了解主流开源 NoSQL 产品； 6、学习能力强、团队协作、踏实稳重、吃苦耐劳。能与客户进行良好沟通，能够高质量完成需求调研工作,134,2025-10-09 09:49:07
2周内活跃,数据分析师,7-10K,7000,10000,1-3年,不包含Java,https://www.zhipin.com/job_detail/a9b80f815bc8846503N42Nu5F1JW.html,本科,宜昌,湖北汉融信息,20-99人,计算机软件,福利信息未提供,职位要求技能未提供,"主要职责：
1.发掘和调研客户需求目标，制定数据分析策略，其中包括数据分析场景以及数据收集、清洗、整合、存储等方面的规划。
2.数据采集和处理：确定并获取合适的数据源，利用数据处理技术对数据进行清洗、整合和存储。
3.负责离线/实时的数据存储和加工处理，保证数据质量。
4.负责数据集市建设，负责数据模型及指标体系的设计与开发工作。
5.负责数据服务开发、数据共享的开发工作。
岗位要求：
1.熟悉Linux系统，熟练掌握SQL、Java、Shell、Python等一种或多种开发语言，具有一定的运维能力，掌握Linux操作系统的配置。
2.深入理解大数据数仓，有较丰富的ETL经验，熟悉数据架构和数据模型，对大数据治理有较为系统的实践。
3.具有一定的运维能力：掌握Linux操作系统的配置，管理及优化。
4.熟悉主流OLAP分析型数据库（Doris、starrocks)， 理解数据仓库的分层架构，数据建模设计方法。
5.具有丰富的数据加工处理经验，对数据采集、数据清洗，数据处理、数据建模、数据分析等有深刻认识和实战经验。
6.熟悉多项大数据领域的开源框架，如 Hadoop生态, Spark,Flink,Kafka,Redis,ElasticSearch等。  
7.具备较强的文字表达和PPT制作能力，能够独立撰写分析报告与客户进行汇报。  
8.工作经验：至少有2年以上数据治理分析或相关领域的工作经验，具有政府或公共服务背景者优先考虑。",135,2025-10-09 09:49:08
近半年活跃,vue,2-4K,2000,4000,1年以内,不包含Java,https://www.zhipin.com/job_detail/2b7e7060d79689851XB92d-0FFtT.html,大专,宜昌,湖北元世界科技,0-20人,计算机软件,福利信息未提供,"JavaScript, HTML5, Vue","岗位职责：
1、根据项目进度安排配合后台开发人员完成Web项目开发，实现产品界面和功能；
2、Web前端表现层及与前后端交互的架构设计和开发；
3、利用Web技术实现产品原型；
4、优化网站界面UI、代码优化。
5、研究分析业内主流技术实现，优化实现方案，不断改进产品功能;

任职要求：
1、拥有互联网前端开发经验，有手机端和PC端页面的开发经验；
2、精通CSS3/HTML5，熟悉Less或sass语法，熟悉ES6，精通响应式布局；
3、精通JavaScript/JSON/XML，精通至少一种JS框架（如VUE.js），精通jQuery、Bootstrap；
4、精通浏览器的兼容调试技巧，熟练解决主流浏览器及不同版本的兼容性问题；
5、了解JAVA开发者优先。",136,2025-10-09 09:49:09
2月内活跃,python老师,5-10K·13薪,5000,10000,在校/应届,包含其他关键词,https://www.zhipin.com/job_detail/075fdb2e111a8f671HF52t29FlRQ.html,本科,宜昌,宜昌斯迪姆,0-20人,学前教育,福利信息未提供,"小班教学（3-25人）, 线下教育, 讲义/教纲编写能力, 全职, 幼儿教育工作经验, 中学生, 熟练掌握计算机语言, 理工科教育背景, 不坐班, 课程/课件研发, 学前儿童/小学生, 一对一教学","1、负责青少年（小学，初中）编程课程的讲授
２、对现有教案进行完善和优化；
３、负责备课、教学、课后总结，接受教学质量评估；
４、进行学生作业评价以及教学评价；
５、负责体验课的授课；
６、定期参加教学研讨、教学交流活动，反馈教学效果，优化教学内容；
７、配合公司组织的各种教学活动和市场活动。
 
任职要求：有教师资格证或教学经验优先考虑，接受2023应届毕业生以及24届没课能全职实习的学生
1、 本科及以上学历；理工科、计算机、学前教育或是师范类学校，需持有教师资格证书；
2、 熟悉C++,Java,C中其中一种，具有很强的逻辑思辨能力
3、 熟悉python语言，具有pyhton开发经历优先考虑
４、了解STEAM教育，热爱教育事业，能与孩子融洽相处；
５、性格开朗、具有较强的亲和力；
６、逻辑清晰，具有较强的动手能力、学习能力和沟通能力；
７、工作认真负责，有责任心和团队意识；
８、有1年以上教学经验者优先，STEM、K12少儿教育领域工作经历者优先。",137,2025-10-09 09:49:11
半年前活跃,项目经理,7-8K,7000,8000,1-3年,不包含Java,https://www.zhipin.com/job_detail/49ae7f08aac56ebf03R-3t6_E1E~.html,大专,宜昌,富程智德,0-20人,咨询,福利信息未提供,"Java, 前端开发, 解决方案","工资面谈,工作职责: 1.负责参与系统产品的整合、设计和开发及维护工作；2.主导项目需求分析、设计、开发及实施工作；3.团队管理及培训，用户沟通协调，质量和进度的控制；4.负责软件开发过程中各种技术规范和标准流程的改进；5.参与产品的的项目规划工作，制定具体的项目实施方案；6.优化项目并完成产品化整合。任职要求：1. 1年以上团队管理经验；2.熟练掌握java开发框架，例:SSH,SSM，熟悉zookeeper dubbo springcloud 分布式架构；3. 具有大型关系型数据库（DB2、ORACLE、SQLSERVER等）的开发和设计经验；4. 具备一定的设计能力,有良好、规范的编程习惯和文档编写习惯；5. 具备良好的学习能力和独立解决问题的能力，能承受一定的工作压力。能与客户进行良好沟通，能够高质量完成需求调研工作。公司福利：周末双休，带薪年假，节日福利，五险，定期体检等。工资面谈",138,2025-10-09 09:49:12
,,,,,,,,,,,,,,,,,